2010-09-19,1.32672,1.33984,1.32006,1.33837,91638
2010-09-20,1.33468,1.33617,1.33332,1.33562,4032
2010-09-21,1.33561,1.34142,1.32901,1.34026,81201
2010-09-22,1.34028,1.34121,1.31429,1.31709,107071
2010-09-23,1.31707,1.32648,1.31131,1.32106,125259
2010-09-24,1.32105,1.32771,1.3183,1.32632,99368
2010-09-26,1.32634,1.33407,1.32239,1.32934,78876
2010-09-27,1.33544,1.33595,1.33115,1.3319,4252
2010-09-28,1.33188,1.33245,1.3153,1.31974,68916
2010-09-29,1.31975,1.32123,1.29607,1.29646,102727
2010-09-30,1.29645,1.29947,1.27881,1.28126,119137
2010-10-01,1.28125,1.28552,1.25205,1.2626,185919
2010-10-03,1.26258,1.27969,1.25848,1.27504,189721
2010-10-04,1.28947,1.29476,1.27505,1.28763,18249
2010-10-05,1.2876,1.30913,1.27573,1.27781,171185
2010-10-06,1.2778,1.28015,1.26145,1.26379,154889
2010-10-07,1.2638,1.27377,1.26041,1.26448,136928
2010-10-08,1.26447,1.26831,1.25152,1.25308,114138
2010-10-10,1.25309,1.25743,1.2353,1.23572,133747
2010-10-11,1.2341,1.23713,1.23394,1.23575,7233
2010-10-12,1.23576,1.24128,1.2233,1.23814,158297
2010-10-13,1.23817,1.24429,1.21425,1.21431,166776
2010-10-14,1.21429,1.243,1.21429,1.23836,176588
2010-10-15,1.23835,1.25964,1.2295,1.25388,159356
2010-10-17,1.25387,1.2671,1.24701,1.2571,154399
2010-10-18,1.25369,1.25621,1.25047,1.25105,5953
2010-10-19,1.25104,1.25372,1.23309,1.23373,110081
2010-10-20,1.23374,1.23865,1.21768,1.23313,149090
2010-10-21,1.23314,1.23427,1.21525,1.21821,134343
2010-10-22,1.2182,1.23931,1.21812,1.2366,149131
2010-10-24,1.23658,1.24512,1.2264,1.22712,122941
2010-10-25,1.22676,1.22915,1.22591,1.22876,5388
2010-10-26,1.22875,1.23331,1.22663,1.22698,67771
2010-10-27,1.22696,1.23523,1.21098,1.22445,134177
2010-10-28,1.22446,1.2272,1.2174,1.22501,130116
2010-10-29,1.225,1.2325,1.21512,1.2177,118424
2010-10-31,1.21769,1.22141,1.19542,1.19659,123138
2010-11-01,1.19265,1.19567,1.19249,1.19291,4017
2010-11-02,1.18945,1.199,1.18754,1.19219,110428
2010-11-03,1.1922,1.20069,1.19009,1.19575,123631
2010-11-04,1.19574,1.20719,1.1923,1.19879,122735
2010-11-05,1.19878,1.21407,1.19557,1.21297,138690
2010-11-07,1.21298,1.21511,1.20441,1.21105,112903
2010-11-08,1.21288,1.22052,1.21149,1.22035,10264
2010-11-09,1.22034,1.22968,1.2162,1.22101,107168
2010-11-10,1.221,1.2348,1.2167,1.23146,119069
2010-11-11,1.23147,1.2352,1.22536,1.22975,98498
2010-11-12,1.22974,1.24112,1.22407,1.2385,113791
2010-11-14,1.23851,1.24151,1.2352,1.23877,80412
2010-11-15,1.24481,1.24667,1.23971,1.2414,13478
2010-11-16,1.24141,1.24655,1.23025,1.232,109528
2010-11-17,1.23199,1.23529,1.22507,1.22647,112689
2010-11-18,1.22648,1.23423,1.2208,1.2305,91698
2010-11-19,1.23051,1.23862,1.22604,1.23344,97421
2010-11-21,1.23345,1.23932,1.22527,1.23668,105981
2010-11-22,1.23721,1.23872,1.23673,1.2385,3980
2010-11-23,1.23849,1.23958,1.22641,1.22852,95679
2010-11-24,1.22853,1.22894,1.21501,1.21836,107206
2010-11-25,1.21835,1.23027,1.21651,1.22271,120151
2010-11-26,1.2227,1.25388,1.2192,1.25105,144739
2010-11-28,1.25104,1.26094,1.24808,1.2561,103125
2010-11-29,1.25629,1.25641,1.25425,1.25451,4133
2010-11-30,1.25453,1.25565,1.25031,1.25066,61853
2010-12-01,1.25065,1.26607,1.24789,1.26212,105687
2010-12-02,1.26213,1.26626,1.25519,1.26238,99353
2010-12-03,1.26235,1.27104,1.26233,1.26884,98182
2010-12-05,1.26885,1.2721,1.26075,1.2639,85916
2010-12-06,1.26368,1.26464,1.26247,1.26378,5453
2010-12-07,1.26377,1.26443,1.25498,1.26017,79268
2010-12-08,1.26018,1.27373,1.25218,1.27182,105474
2010-12-09,1.27183,1.27763,1.26813,1.27336,93946
2010-12-10,1.27332,1.29534,1.27073,1.29177,117831
2010-12-12,1.29176,1.30057,1.28885,1.29289,106369
2010-12-13,1.29047,1.29171,1.28868,1.28881,6550
2010-12-14,1.2888,1.29904,1.28693,1.2938,93953
2010-12-15,1.29379,1.30266,1.28386,1.29039,100361
2010-12-16,1.2904,1.29117,1.27311,1.27584,95697
2010-12-17,1.27585,1.29314,1.27357,1.29106,97748
2010-12-19,1.29107,1.29639,1.27926,1.29091,115408
2010-12-20,1.28897,1.29257,1.28754,1.29217,5900
2010-12-21,1.29215,1.30041,1.28879,1.29809,91098
2010-12-22,1.29807,1.30442,1.29508,1.29872,102949
2010-12-23,1.29871,1.30406,1.29651,1.29983,101064
2010-12-24,1.29986,1.31052,1.29765,1.30656,100074
2010-12-26,1.30654,1.3092,1.29793,1.30495,102455
2010-12-27,1.30625,1.30654,1.30527,1.30585,3139
2010-12-28,1.30586,1.31937,1.30543,1.31705,79464
2010-12-29,1.31704,1.32606,1.31456,1.32193,82708
2010-12-30,1.32194,1.32382,1.31303,1.31531,81026
2010-12-31,1.31532,1.32337,1.31179,1.31779,74598
2011-01-02,1.3178,1.33322,1.31565,1.32778,67283
2011-01-03,1.32924,1.32953,1.32751,1.32819,3628
2011-01-04,1.32818,1.33059,1.32101,1.32142,64281
2011-01-05,1.32141,1.32262,1.30737,1.31541,89887
2011-01-06,1.31543,1.31592,1.28291,1.28481,107292
2011-01-07,1.28482,1.29311,1.27789,1.28418,106145
2011-01-09,1.28417,1.29047,1.2749,1.27526,88094
2011-01-10,1.27645,1.27729,1.27554,1.27555,3693
2011-01-11,1.27554,1.28698,1.27326,1.28124,92835
2011-01-12,1.28123,1.29142,1.28029,1.28685,92547
2011-01-13,1.28686,1.29208,1.279,1.27948,92211
2011-01-14,1.2794,1.29009,1.27718,1.28064,107497
2011-01-16,1.28065,1.28312,1.26625,1.27103,90978
2011-01-17,1.27043,1.27104,1.26885,1.26977,4122
2011-01-18,1.26976,1.27279,1.26225,1.26299,79447
2011-01-19,1.26298,1.27174,1.25862,1.26346,104822
2011-01-20,1.26345,1.2725,1.26073,1.26705,108543
2011-01-21,1.26704,1.27631,1.26489,1.27024,100845
2011-01-23,1.27025,1.27774,1.26754,1.276,72388
2011-01-24,1.27603,1.27679,1.27431,1.27515,4500
2011-01-25,1.27514,1.2754,1.26576,1.26627,62613
2011-01-26,1.26626,1.27415,1.26241,1.26721,88074
2011-01-27,1.26724,1.28542,1.26619,1.27937,81541
2011-01-28,1.27936,1.2847,1.27753,1.28138,75943
2011-01-30,1.28135,1.2896,1.28074,1.28946,62131
2011-01-31,1.28892,1.28962,1.28807,1.28863,2659
2011-02-01,1.28864,1.29159,1.27981,1.28172,48851
2011-02-02,1.28171,1.28188,1.26751,1.2691,84392
2011-02-03,1.26911,1.27618,1.26579,1.27261,96267
2011-02-04,1.2726,1.27647,1.26636,1.26769,83427
2011-02-06,1.2677,1.27453,1.26427,1.26757,68767
2011-02-07,1.2714,1.27599,1.27026,1.27589,4862
2011-02-08,1.27588,1.28911,1.27575,1.2862,75844
2011-02-09,1.28619,1.30319,1.28281,1.29942,89320
2011-02-10,1.29941,1.30353,1.29541,1.30095,89470
2011-02-11,1.30089,1.31153,1.29748,1.3065,81417
2011-02-13,1.30651,1.31578,1.3018,1.30479,82449
2011-02-14,1.30597,1.30646,1.30332,1.30421,3033
2011-02-15,1.30416,1.31198,1.30286,1.30615,70708
2011-02-16,1.30612,1.3289,1.30585,1.3282,87826
2011-02-17,1.32821,1.3438,1.32664,1.3392,90892
2011-02-18,1.33919,1.34122,1.32898,1.32941,87446
2011-02-20,1.3294,1.34936,1.32851,1.34887,72877
2011-02-21,1.34855,1.34937,1.34679,1.34776,3899
2011-02-22,1.34778,1.35051,1.34246,1.34273,76028
2011-02-23,1.34275,1.35938,1.33796,1.35717,94592
2011-02-24,1.35718,1.36452,1.35651,1.36236,91014
2011-02-25,1.36235,1.3681,1.35583,1.36296,100681
2011-02-27,1.36298,1.37907,1.36281,1.37903,76222
2011-02-28,1.38012,1.3805,1.37711,1.37744,2996
2011-03-01,1.37743,1.37833,1.3643,1.36475,75962
2011-03-02,1.36474,1.38575,1.36359,1.3853,85459
2011-03-03,1.38531,1.39463,1.37974,1.39145,82781
2011-03-04,1.39146,1.40277,1.3856,1.39232,83257
2011-03-06,1.39233,1.39826,1.38327,1.39364,78004
2011-03-07,1.3994,1.40107,1.39729,1.3995,5221
2011-03-08,1.39951,1.39978,1.38555,1.38635,62306
2011-03-09,1.38633,1.39343,1.37739,1.39194,91192
2011-03-10,1.3919,1.40001,1.39111,1.39811,75267
2011-03-11,1.3981,1.41209,1.3981,1.40247,83613
2011-03-13,1.40246,1.41568,1.39358,1.3976,78010
2011-03-14,1.39883,1.39898,1.39405,1.39505,4969
2011-03-15,1.39504,1.39969,1.383,1.39615,109371
2011-03-16,1.39616,1.40025,1.36963,1.36994,124964
2011-03-17,1.36995,1.39897,1.36994,1.39773,105471
2011-03-18,1.39769,1.40491,1.38705,1.39106,102336
2011-03-20,1.39109,1.39707,1.38568,1.3953,78428
2011-03-21,1.39729,1.39761,1.39331,1.39607,5149
2011-03-22,1.39608,1.40787,1.39066,1.39203,97297
2011-03-23,1.392,1.39804,1.38243,1.3843,97855
2011-03-24,1.38429,1.38771,1.37326,1.37909,113715
2011-03-25,1.37907,1.395,1.3777,1.39417,85879
2011-03-27,1.39418,1.39455,1.38059,1.39454,87418
2011-03-28,1.39604,1.39817,1.39567,1.39719,4161
2011-03-29,1.39711,1.401,1.38626,1.39075,68894
2011-03-30,1.39074,1.40567,1.38803,1.4031,69534
2011-03-31,1.40311,1.41884,1.39903,1.41254,75937
2011-04-01,1.41256,1.42805,1.41012,1.42273,92966
2011-04-03,1.42272,1.4229,1.40226,1.40308,99211
2011-04-04,1.40367,1.40806,1.40343,1.40727,3997
2011-04-05,1.40728,1.40843,1.38582,1.38603,102075
2011-04-06,1.38602,1.39723,1.37471,1.37678,117444
2011-04-07,1.37679,1.38239,1.36694,1.37733,115898
2011-04-08,1.37731,1.38194,1.36063,1.362,96283
2011-04-10,1.36201,1.37751,1.35723,1.3691,120338
2011-04-11,1.37028,1.3711,1.368,1.36871,5208
2011-04-12,1.3687,1.37491,1.3562,1.35718,103274
2011-04-13,1.3572,1.36541,1.3447,1.34935,121132
2011-04-14,1.34937,1.35636,1.34593,1.35515,95817
2011-04-15,1.35514,1.36659,1.35412,1.36554,98664
2011-04-17,1.36555,1.37301,1.36071,1.36718,84264
2011-04-18,1.37169,1.37429,1.37106,1.37406,5069
2011-04-19,1.37409,1.37847,1.35755,1.35984,99936
2011-04-20,1.35985,1.36131,1.33583,1.33845,117063
2011-04-21,1.33848,1.34195,1.32833,1.33566,117412
2011-04-22,1.33567,1.33858,1.32852,1.33385,76627
2011-04-24,1.33384,1.33489,1.3199,1.32392,94468
2011-04-25,1.32819,1.32893,1.323,1.32361,5716
2011-04-26,1.32362,1.33003,1.30634,1.30991,109814
2011-04-27,1.30993,1.31487,1.29674,1.29944,130379
2011-04-28,1.29943,1.31797,1.29696,1.31236,126811
2011-04-29,1.31235,1.32456,1.30592,1.32101,109871
2011-05-01,1.32102,1.34366,1.3192,1.34133,103103
2011-05-02,1.33756,1.3421,1.33753,1.34114,4544
2011-05-03,1.34115,1.34194,1.32451,1.32867,107233
2011-05-04,1.32868,1.33989,1.32347,1.32456,128967
2011-05-05,1.32459,1.32791,1.31787,1.32473,126636
2011-05-06,1.32472,1.33214,1.3163,1.32395,107154
2011-05-08,1.32392,1.32809,1.31773,1.32242,77009
2011-05-09,1.31962,1.32085,1.31912,1.31963,3012
2011-05-10,1.31962,1.3432,1.31813,1.33925,87282
2011-05-11,1.33924,1.34968,1.33538,1.33558,102195
2011-05-12,1.33555,1.33763,1.32074,1.32239,99927
2011-05-13,1.32238,1.32643,1.318,1.32376,86490
2011-05-15,1.3238,1.33579,1.31319,1.31869,81223
2011-05-16,1.31842,1.31854,1.31511,1.31615,3325
2011-05-17,1.31616,1.31815,1.30936,1.31167,86579
2011-05-18,1.31168,1.32004,1.30725,1.30894,85347
2011-05-19,1.30893,1.31799,1.30773,1.3113,79004
2011-05-20,1.31131,1.315,1.30541,1.3121,64583
2011-05-22,1.31211,1.31466,1.3087,1.31139,25196
2011-05-23,1.31138,1.31163,1.30711,1.30782,2829
2011-05-24,1.30785,1.31878,1.30779,1.31871,51700
2011-05-25,1.31872,1.3273,1.30824,1.30839,77126
2011-05-26,1.30838,1.32376,1.30828,1.32225,69698
2011-05-27,1.32223,1.33133,1.32181,1.33,67080
2011-05-29,1.3296,1.3423,1.32876,1.33608,52022
2011-05-30,1.3348,1.33617,1.33333,1.33552,3774
2011-05-31,1.33553,1.33936,1.32492,1.33551,84712
2011-06-01,1.3355,1.34313,1.3291,1.33179,110063
2011-06-02,1.33178,1.33239,1.31248,1.31547,115535
2011-06-03,1.31546,1.3169,1.29671,1.29778,107847
2011-06-05,1.29779,1.30197,1.29044,1.29058,106346
2011-06-06,1.28754,1.29044,1.28731,1.28939,3359
2011-06-07,1.28938,1.29649,1.28725,1.2963,99086
2011-06-08,1.29633,1.29909,1.2904,1.29813,105833
2011-06-09,1.29814,1.31433,1.29607,1.3125,119224
2011-06-10,1.31253,1.33818,1.30878,1.33497,114169
2011-06-12,1.33498,1.34549,1.33134,1.33868,113903
2011-06-13,1.33835,1.33837,1.33525,1.33776,2885
2011-06-14,1.33777,1.33784,1.32435,1.32803,90984
2011-06-15,1.32805,1.34637,1.32518,1.33764,110513
2011-06-16,1.33765,1.35365,1.33755,1.34503,109038
2011-06-17,1.345,1.35219,1.3395,1.34648,114412
2011-06-19,1.34649,1.36239,1.34475,1.36198,109165
2011-06-20,1.36406,1.36411,1.36016,1.36175,4872
2011-06-21,1.36174,1.3684,1.3539,1.36416,102572
2011-06-22,1.36415,1.37024,1.35712,1.36837,129838
2011-06-23,1.36838,1.37201,1.36398,1.37107,122207
2011-06-24,1.37106,1.3757,1.36356,1.37209,114961
2011-06-26,1.3721,1.37449,1.3582,1.36096,109503
2011-06-27,1.35875,1.36021,1.35703,1.35713,5058
2011-06-28,1.35715,1.37381,1.35693,1.37123,113821
2011-06-29,1.37124,1.38414,1.36993,1.38265,129746
2011-06-30,1.38263,1.38603,1.3766,1.38151,106082
2011-07-01,1.38152,1.38241,1.36082,1.36232,107289
2011-07-03,1.36233,1.36764,1.35421,1.35807,88171
2011-07-04,1.35614,1.35758,1.35614,1.35727,3368
2011-07-05,1.35728,1.36251,1.3507,1.35917,113593
2011-07-06,1.35918,1.3687,1.35711,1.36231,117052
2011-07-07,1.3623,1.37425,1.36099,1.37175,106961
2011-07-08,1.37174,1.37264,1.35761,1.36019,102241
2011-07-10,1.3602,1.36194,1.34961,1.35485,89072
2011-07-11,1.35067,1.35324,1.35003,1.35119,4800
2011-07-12,1.35123,1.3557,1.3427,1.34782,88887
2011-07-13,1.34783,1.35491,1.34597,1.3496,101703
2011-07-14,1.34959,1.35866,1.3461,1.35723,101736
2011-07-15,1.35722,1.3626,1.35354,1.36212,74904
2011-07-17,1.3621,1.3714,1.3544,1.3692,66358
2011-07-18,1.37003,1.37144,1.36861,1.37113,2952
2011-07-19,1.37112,1.37114,1.3646,1.36799,42417
2011-07-20,1.368,1.3702,1.35243,1.36714,88425
2011-07-21,1.36715,1.37849,1.36707,1.37586,86574
2011-07-22,1.37585,1.38221,1.37028,1.38194,91228
2011-07-24,1.38193,1.38367,1.37225,1.37524,76549
2011-07-25,1.37573,1.37623,1.3729,1.37327,3023
2011-07-26,1.37328,1.38542,1.371,1.38196,79466
2011-07-27,1.38195,1.38525,1.37617,1.3766,79676
2011-07-28,1.37658,1.38888,1.37419,1.38639,81311
2011-07-29,1.3864,1.39729,1.38317,1.3955,82044
2011-07-31,1.39551,1.40054,1.39394,1.39859,75101
2011-08-01,1.39883,1.3997,1.39851,1.39891,3345
2011-08-02,1.39892,1.40345,1.39542,1.39611,82704
2011-08-03,1.3961,1.39872,1.38611,1.38929,73606
2011-08-04,1.3893,1.39401,1.38545,1.39023,69719
2011-08-05,1.39024,1.3923,1.3774,1.37996,91237
2011-08-07,1.37995,1.39137,1.37511,1.39013,82569
2011-08-08,1.3968,1.39695,1.39268,1.39337,9642
2011-08-09,1.39338,1.40017,1.39034,1.3989,97685
2011-08-10,1.39891,1.40115,1.38542,1.39847,137739
2011-08-11,1.39846,1.39995,1.38657,1.3883,139982
2011-08-12,1.38831,1.40501,1.38757,1.40294,131867
2011-08-14,1.40295,1.41827,1.39794,1.41805,113185
2011-08-15,1.41764,1.41818,1.41651,1.4167,3601
2011-08-16,1.41671,1.42386,1.41395,1.4215,83213
2011-08-17,1.42151,1.42469,1.41612,1.41672,84362
2011-08-18,1.41673,1.42132,1.40757,1.4103,91195
2011-08-19,1.41031,1.4218,1.40526,1.41681,82603
2011-08-21,1.41682,1.41923,1.40544,1.40865,72623
2011-08-22,1.40479,1.40527,1.40197,1.40339,7056
2011-08-23,1.40338,1.41141,1.40251,1.40719,77853
2011-08-24,1.40718,1.41472,1.40469,1.41194,81434
2011-08-25,1.41197,1.41457,1.40508,1.41261,87801
2011-08-26,1.4126,1.42315,1.41146,1.41552,85179
2011-08-28,1.41553,1.4244,1.4061,1.42331,74636
2011-08-29,1.42304,1.42413,1.42159,1.42333,7470
2011-08-30,1.42332,1.42672,1.41913,1.42039,79152
2011-08-31,1.4204,1.42418,1.41517,1.42301,81682
2011-09-01,1.42302,1.43472,1.42269,1.43236,86843
2011-09-02,1.43237,1.4324,1.42428,1.42966,90937
2011-09-04,1.42967,1.44869,1.42899,1.44825,90074
2011-09-05,1.44714,1.44822,1.44502,1.44789,6170
2011-09-06,1.4479,1.44811,1.44197,1.44222,84467
2011-09-07,1.44221,1.45177,1.43762,1.44813,108412
2011-09-08,1.44814,1.45185,1.44123,1.44486,94735
2011-09-09,1.44485,1.45129,1.43641,1.45006,103725
2011-09-11,1.45007,1.45007,1.439,1.44286,83961
2011-09-12,1.44109,1.44194,1.43895,1.43957,4312
2011-09-13,1.43958,1.44038,1.41562,1.42361,94764
2011-09-14,1.42362,1.43719,1.42039,1.43633,85737
2011-09-15,1.43632,1.45457,1.4353,1.45151,89365
2011-09-16,1.4515,1.46472,1.45139,1.45577,70855
2011-09-18,1.45574,1.45868,1.4533,1.456,23508
2011-09-19,1.4561,1.45873,1.45498,1.45873,4338
2011-09-20,1.45874,1.46258,1.45242,1.45498,62155
2011-09-21,1.45489,1.47122,1.44921,1.47038,85498
2011-09-22,1.47039,1.47944,1.46314,1.47866,74271
2011-09-23,1.47864,1.48801,1.47714,1.48394,65558
2011-09-25,1.48396,1.48766,1.48029,1.48056,45036
2011-09-26,1.48156,1.48386,1.47792,1.48151,7921
2011-09-27,1.48153,1.49005,1.47618,1.47931,74528
2011-09-28,1.47932,1.48878,1.47532,1.48358,82623
2011-09-29,1.48357,1.49387,1.4774,1.4826,93601
2011-09-30,1.48261,1.48977,1.45089,1.45566,98892
2011-10-02,1.45567,1.45861,1.43084,1.43158,104817
2011-10-03,1.4364,1.43948,1.43396,1.43873,6639
2011-10-04,1.43872,1.44404,1.42536,1.4367,108540
2011-10-05,1.43671,1.44176,1.42693,1.43988,108584
2011-10-06,1.43989,1.44217,1.41711,1.42052,99766
2011-10-07,1.42047,1.42753,1.41223,1.42284,105740
2011-10-09,1.42285,1.4338,1.40651,1.41162,103141
2011-10-10,1.40866,1.40912,1.40618,1.40651,5094
2011-10-11,1.4065,1.4243,1.4047,1.41439,96011
2011-10-12,1.41437,1.42749,1.41196,1.42653,101572
2011-10-13,1.42652,1.42855,1.41939,1.42567,89407
2011-10-14,1.42569,1.43361,1.4205,1.43244,91616
2011-10-16,1.43239,1.4344,1.41319,1.41586,83422
2011-10-17,1.4125,1.41452,1.40945,1.41157,7880
2011-10-18,1.41156,1.41338,1.39681,1.40116,108017
2011-10-19,1.40118,1.41318,1.40118,1.4091,94193
2011-10-20,1.40909,1.41169,1.40121,1.40678,99018
2011-10-21,1.40677,1.4205,1.40675,1.41428,94447
2011-10-23,1.41429,1.43231,1.41283,1.4316,87235
2011-10-24,1.43225,1.43225,1.42774,1.42886,4793
2011-10-25,1.42888,1.4351,1.42558,1.4332,52909
2011-10-26,1.43321,1.44359,1.43241,1.44252,89001
2011-10-27,1.44251,1.44573,1.43064,1.43448,90207
2011-10-28,1.43446,1.45122,1.43243,1.44854,83888
2011-10-30,1.44855,1.46413,1.44496,1.46349,76207
2011-10-31,1.46107,1.4656,1.46107,1.46514,5406
2011-11-01,1.46516,1.46567,1.45559,1.45895,90498
2011-11-02,1.45891,1.46946,1.45626,1.46785,86058
2011-11-03,1.46795,1.46881,1.45632,1.45905,90325
2011-11-04,1.4591,1.46513,1.44763,1.45356,85002
2011-11-06,1.45355,1.45494,1.4321,1.43478,90137
2011-11-07,1.43243,1.43409,1.43198,1.43346,4325
2011-11-08,1.43345,1.44287,1.43211,1.44135,88111
2011-11-09,1.44142,1.44961,1.4377,1.44317,87418
2011-11-10,1.44316,1.4437,1.4155,1.41905,95432
2011-11-11,1.41906,1.42199,1.40722,1.42005,108919
2011-11-13,1.41995,1.43377,1.41263,1.43064,87910
2011-11-14,1.42775,1.42973,1.4255,1.42562,5715
2011-11-15,1.4256,1.43827,1.41899,1.43606,92668
2011-11-16,1.43605,1.44315,1.43044,1.43756,86546
2011-11-17,1.43754,1.44401,1.43092,1.43294,90029
2011-11-18,1.43292,1.43319,1.41251,1.42604,99474
2011-11-20,1.42603,1.43049,1.41406,1.41877,94996
2011-11-21,1.41905,1.41968,1.4145,1.41535,5700
2011-11-22,1.41534,1.43276,1.41015,1.43096,100049
2011-11-23,1.43095,1.43956,1.42359,1.43559,98359
2011-11-24,1.43561,1.44827,1.43276,1.4462,86190
2011-11-25,1.44621,1.45363,1.44466,1.44732,69171
2011-11-27,1.44742,1.45502,1.44349,1.45243,46487
2011-11-28,1.45335,1.45763,1.45302,1.45623,5886
2011-11-29,1.45625,1.45665,1.44941,1.45406,59015
2011-11-30,1.45404,1.45404,1.43957,1.4434,75711
2011-12-01,1.44341,1.44651,1.42848,1.4334,76264
2011-12-02,1.43339,1.43728,1.42197,1.43594,86198
2011-12-04,1.43595,1.4367,1.4205,1.42631,76839
2011-12-05,1.4204,1.42252,1.41966,1.42101,6795
2011-12-06,1.42103,1.42263,1.39851,1.4037,104358
2011-12-07,1.40371,1.40525,1.3836,1.39881,123397
2011-12-08,1.3988,1.42809,1.3961,1.42677,101439
2011-12-09,1.42681,1.42686,1.41141,1.41606,107938
2011-12-11,1.41605,1.41909,1.40909,1.4156,84332
2011-12-12,1.41105,1.41329,1.41065,1.41251,5941
2011-12-13,1.4125,1.4135,1.40129,1.41248,90828
2011-12-14,1.41247,1.42156,1.40674,1.4169,86421
2011-12-15,1.41691,1.4273,1.4132,1.42593,89606
2011-12-16,1.42595,1.44367,1.41376,1.44069,106667
2011-12-18,1.4407,1.44361,1.43228,1.43573,78074
2011-12-19,1.4386,1.44157,1.43644,1.43653,6879
2011-12-20,1.43654,1.4405,1.43236,1.43718,87697
2011-12-21,1.43717,1.45239,1.4356,1.45068,88018
2011-12-22,1.45067,1.45345,1.43384,1.43596,88437
2011-12-23,1.43597,1.4399,1.42531,1.43252,82410
2011-12-26,1.43251,1.44118,1.42282,1.43977,62940
2011-12-27,1.4381,1.43826,1.43459,1.43533,7092
2011-12-28,1.43535,1.44518,1.41836,1.42714,102266
2011-12-29,1.42713,1.42814,1.41502,1.41825,68943
2011-12-30,1.41829,1.43708,1.41423,1.43481,51856
2012-01-01,1.43482,1.43669,1.40541,1.40745,129541
2012-01-02,1.40743,1.42965,1.40689,1.42789,93192
2012-01-03,1.44176,1.443,1.42876,1.43078,12494
2012-01-04,1.43077,1.44005,1.41305,1.41747,96120
2012-01-05,1.41746,1.43965,1.41512,1.43528,153835
2012-01-06,1.43529,1.43997,1.41216,1.4135,110946
2012-01-08,1.41358,1.42926,1.41021,1.42136,108524
2012-01-09,1.42128,1.429,1.41484,1.42482,84999
2012-01-10,1.42668,1.42826,1.42508,1.42826,5344
2012-01-11,1.42825,1.44756,1.42622,1.44363,92595
2012-01-12,1.44364,1.44704,1.4353,1.43794,82329
2012-01-13,1.43795,1.45158,1.43237,1.44267,99129
2012-01-15,1.44266,1.44503,1.42699,1.42948,90570
2012-01-16,1.42949,1.44511,1.42578,1.43959,100334
2012-01-17,1.43793,1.43834,1.43596,1.43651,5422
2012-01-18,1.4365,1.44329,1.4346,1.4356,85039
2012-01-19,1.43561,1.44987,1.43559,1.44369,73264
2012-01-20,1.44368,1.44802,1.43803,1.44064,85566
2012-01-22,1.44063,1.44734,1.43269,1.43867,82319
2012-01-23,1.43868,1.45001,1.43276,1.4498,71919
2012-01-24,1.44986,1.45023,1.44768,1.44796,5403
2012-01-25,1.44795,1.45476,1.44648,1.45149,70698
2012-01-26,1.45148,1.45317,1.43834,1.44381,78829
2012-01-27,1.44382,1.44674,1.43574,1.43625,77646
2012-01-29,1.43624,1.43762,1.42252,1.42672,78996
2012-01-30,1.4267,1.42864,1.41829,1.42033,74194
2012-01-31,1.41613,1.41725,1.41352,1.4147,6220
2012-02-01,1.41469,1.41716,1.40579,1.40679,78781
2012-02-02,1.40683,1.42811,1.39712,1.40081,115540
2012-02-03,1.4008,1.4148,1.40038,1.4079,90671
2012-02-05,1.40792,1.40877,1.38712,1.38887,73326
2012-02-06,1.38885,1.39351,1.3626,1.3653,76967
2012-02-07,1.35857,1.3621,1.35536,1.35817,9398
2012-02-08,1.35815,1.36929,1.34986,1.3637,130837
2012-02-09,1.36368,1.37377,1.35566,1.36799,124843
2012-02-10,1.368,1.37819,1.359,1.37466,113911
2012-02-12,1.37469,1.39353,1.37021,1.3879,91574
2012-02-13,1.38793,1.38801,1.37526,1.37958,90601
2012-02-14,1.36926,1.37136,1.36621,1.36802,9120
2012-02-15,1.36803,1.37192,1.35854,1.36212,105063
2012-02-16,1.36214,1.37431,1.3592,1.37047,108659
2012-02-17,1.37046,1.37967,1.35562,1.35762,106397
2012-02-19,1.35763,1.35884,1.33834,1.35033,128366
2012-02-20,1.35035,1.35657,1.34177,1.34965,113101
2012-02-21,1.3521,1.35491,1.34874,1.35151,9284
2012-02-22,1.3515,1.35462,1.33613,1.3494,138538
2012-02-23,1.34941,1.36665,1.34782,1.35838,123312
2012-02-24,1.35833,1.36887,1.35184,1.35213,100207
2012-02-26,1.35214,1.36778,1.3519,1.35941,89686
2012-02-27,1.35942,1.35996,1.33826,1.33869,100640
2012-02-28,1.33435,1.33677,1.33302,1.33561,7070
2012-02-29,1.33558,1.33798,1.31629,1.31889,125143
2012-03-01,1.31891,1.33677,1.31449,1.33157,100405
2012-03-02,1.33158,1.33824,1.3259,1.33437,125969
2012-03-04,1.33436,1.34492,1.32405,1.34255,121323
2012-03-05,1.34254,1.35232,1.33598,1.33771,103227
2012-03-06,1.33902,1.34079,1.33765,1.33978,5172
2012-03-07,1.33979,1.3697,1.33924,1.36251,102451
2012-03-08,1.3625,1.36823,1.35642,1.36319,89511
2012-03-09,1.36321,1.38318,1.35815,1.37764,84060
2012-03-11,1.37765,1.38248,1.36841,1.37508,101922
2012-03-12,1.37511,1.38925,1.37222,1.38791,87847
2012-03-13,1.38661,1.38864,1.38616,1.38716,5823
2012-03-14,1.38717,1.39128,1.37234,1.37437,102062
2012-03-15,1.37439,1.3816,1.36516,1.37308,77635
2012-03-16,1.37309,1.38677,1.37239,1.37657,104199
2012-03-18,1.37654,1.38415,1.36551,1.37927,106668
2012-03-19,1.37918,1.38999,1.37027,1.38941,69657
2012-03-20,1.38694,1.38728,1.38279,1.38487,6190
2012-03-21,1.38486,1.39549,1.38209,1.39188,106445
2012-03-22,1.39191,1.39587,1.38479,1.38985,96900
2012-03-23,1.38983,1.39734,1.37976,1.3884,103383
2012-03-25,1.38841,1.42455,1.38839,1.41971,105815
2012-03-26,1.4197,1.41973,1.41325,1.41464,93556
2012-03-27,1.41508,1.41613,1.41359,1.41369,3460
2012-03-28,1.41367,1.41695,1.38273,1.38576,122631
2012-03-29,1.38575,1.38695,1.36071,1.36532,117945
2012-03-30,1.3653,1.38268,1.36517,1.36871,114803
2012-04-01,1.36872,1.38532,1.36552,1.38213,76449
2012-04-02,1.38212,1.38679,1.37099,1.37895,70701
2012-04-03,1.38259,1.38298,1.37761,1.37869,5512
2012-04-04,1.37871,1.38117,1.368,1.37577,95387
2012-04-05,1.37576,1.38456,1.37232,1.38233,75469
2012-04-06,1.38232,1.38577,1.35221,1.35434,106878
2012-04-08,1.35433,1.36514,1.34828,1.36078,99346
2012-04-09,1.36077,1.37936,1.35771,1.37488,92146
2012-04-10,1.38086,1.38093,1.37732,1.37834,4690
2012-04-11,1.37833,1.37877,1.35905,1.36229,111638
2012-04-12,1.3623,1.36394,1.3495,1.35028,78836
2012-04-13,1.35029,1.35553,1.34204,1.34385,79445
2012-04-15,1.34383,1.35385,1.34218,1.34527,108821
2012-04-16,1.34526,1.36128,1.34458,1.35233,87362
2012-04-17,1.35112,1.35348,1.35043,1.35345,4197
2012-04-18,1.35346,1.35389,1.34289,1.34819,98047
2012-04-19,1.34823,1.3567,1.34676,1.35169,89648
2012-04-20,1.35168,1.35298,1.33189,1.33424,100699
2012-04-22,1.33425,1.34101,1.3315,1.33284,56466
2012-04-23,1.33285,1.33316,1.3211,1.32375,71361
2012-04-24,1.33225,1.33254,1.329,1.33084,6803
2012-04-25,1.33083,1.33972,1.32716,1.33133,107648
2012-04-26,1.33132,1.34408,1.32844,1.33216,119451
2012-04-27,1.33217,1.35314,1.3258,1.34411,116347
2012-04-29,1.3441,1.35197,1.3416,1.34641,93625
2012-04-30,1.34638,1.35469,1.33619,1.33906,77625
2012-05-01,1.34205,1.34234,1.33953,1.34156,4492
2012-05-02,1.34157,1.34847,1.33738,1.33852,82599
2012-05-03,1.33853,1.34261,1.33321,1.34081,86204
2012-05-04,1.34082,1.3452,1.33498,1.3398,80082
2012-05-06,1.33982,1.34579,1.32877,1.33443,84734
2012-05-07,1.33444,1.34321,1.32803,1.33831,82920
2012-05-08,1.33806,1.33807,1.33583,1.33691,2910
2012-05-09,1.33692,1.33757,1.31597,1.31633,83562
2012-05-10,1.31631,1.32352,1.30076,1.30174,94535
2012-05-11,1.30173,1.3063,1.29444,1.29834,93314
2012-05-13,1.29832,1.30483,1.2956,1.30277,85635
2012-05-14,1.30275,1.30827,1.29939,1.3042,69823
2012-05-15,1.30415,1.30428,1.30299,1.30346,2527
2012-05-16,1.30344,1.30417,1.29817,1.30049,70543
2012-05-17,1.30048,1.31302,1.29939,1.3085,70212
2012-05-18,1.30849,1.31956,1.30239,1.30348,81156
2012-05-20,1.30351,1.31178,1.30159,1.30531,62796
2012-05-21,1.30533,1.30944,1.30248,1.30421,41261
2012-05-22,1.30567,1.3061,1.3042,1.30465,2898
2012-05-23,1.30466,1.30818,1.30417,1.30666,37067
2012-05-24,1.30668,1.30787,1.29107,1.29234,53824
2012-05-25,1.29235,1.29641,1.28569,1.2951,65763
2012-05-27,1.29509,1.29972,1.29029,1.29585,55041
2012-05-28,1.29395,1.29519,1.29364,1.29447,1054
2012-05-29,1.29446,1.29687,1.29163,1.29356,22649
2012-05-30,1.29357,1.30753,1.29341,1.30527,71633
2012-05-31,1.30526,1.30714,1.28965,1.29295,74612
2012-06-01,1.29294,1.29422,1.27695,1.27903,86935
2012-06-03,1.27904,1.28111,1.26962,1.27161,68720
2012-06-04,1.26937,1.27047,1.26652,1.26776,4396
2012-06-05,1.26777,1.27839,1.26761,1.27711,71250
2012-06-06,1.27713,1.28168,1.27414,1.2752,72679
2012-06-07,1.27519,1.27883,1.26605,1.27203,78866
2012-06-08,1.27204,1.28434,1.2698,1.28191,77066
2012-06-10,1.2819,1.28768,1.26228,1.26787,84959
2012-06-11,1.26343,1.26544,1.26342,1.26463,3637
2012-06-12,1.26464,1.26862,1.26247,1.26649,60408
2012-06-13,1.26648,1.28071,1.26634,1.2745,81174
2012-06-14,1.27451,1.28667,1.27337,1.28626,86595
2012-06-15,1.28625,1.29707,1.28379,1.29598,84194
2012-06-17,1.29597,1.29847,1.2886,1.29306,67898
2012-06-18,1.28801,1.28947,1.28748,1.28861,3016
2012-06-19,1.28862,1.30512,1.28815,1.30233,75431
2012-06-20,1.30234,1.30614,1.29523,1.30337,76994
2012-06-21,1.30338,1.31192,1.29297,1.31048,83133
2012-06-22,1.31047,1.31826,1.3087,1.3087,72030
2012-06-24,1.30868,1.32324,1.30764,1.32173,77554
2012-06-25,1.32275,1.32275,1.32042,1.32055,2564
2012-06-26,1.32056,1.32091,1.30755,1.31369,67429
2012-06-27,1.31371,1.32121,1.30405,1.30744,81334
2012-06-28,1.30747,1.32166,1.30248,1.31683,79984
2012-06-29,1.31682,1.31952,1.30842,1.31346,76384
2012-07-01,1.31347,1.32044,1.30655,1.31573,74557
2012-07-02,1.31139,1.31297,1.31108,1.31238,3989
2012-07-03,1.3124,1.31401,1.30265,1.31164,74049
2012-07-04,1.31163,1.32685,1.30879,1.3247,83519
2012-07-05,1.32469,1.32871,1.3214,1.32461,77958
2012-07-06,1.32462,1.33194,1.32253,1.32738,77663
2012-07-08,1.32737,1.32894,1.3154,1.31961,67748
2012-07-09,1.32104,1.32592,1.32009,1.3239,6788
2012-07-10,1.32391,1.32826,1.3144,1.3153,57647
2012-07-11,1.31529,1.32144,1.30787,1.31275,78577
2012-07-12,1.31276,1.31892,1.30428,1.30539,88276
2012-07-13,1.3054,1.31572,1.29732,1.31255,86341
2012-07-15,1.31254,1.31961,1.3114,1.31433,65255
2012-07-16,1.31795,1.32358,1.31722,1.32221,7484
2012-07-17,1.32222,1.32753,1.31809,1.32066,57987
2012-07-18,1.32073,1.32915,1.31855,1.3248,85560
2012-07-19,1.32479,1.32651,1.32101,1.32542,71934
2012-07-20,1.32541,1.3377,1.32302,1.33723,70101
2012-07-22,1.33721,1.34847,1.3356,1.34494,63739
2012-07-23,1.34635,1.3478,1.34552,1.34655,5388
2012-07-24,1.34656,1.34667,1.3365,1.34061,75173
2012-07-25,1.34062,1.34783,1.33879,1.34765,76803
2012-07-26,1.34762,1.34842,1.33135,1.33227,86457
2012-07-27,1.33269,1.33548,1.32807,1.33253,75410
2012-07-29,1.33252,1.33313,1.31857,1.31993,66240
2012-07-30,1.31912,1.32039,1.31815,1.31837,3085
2012-07-31,1.31836,1.32396,1.3159,1.32219,73249
2012-08-01,1.3222,1.32245,1.31021,1.31186,79142
2012-08-02,1.31185,1.31626,1.3095,1.31393,71375
2012-08-03,1.31394,1.32897,1.31341,1.32697,76666
2012-08-05,1.32698,1.32709,1.30955,1.31205,68843
2012-08-06,1.31109,1.31234,1.31109,1.31208,2099
2012-08-07,1.31207,1.31713,1.30776,1.31678,66026
2012-08-08,1.31677,1.31898,1.30508,1.30777,73481
2012-08-09,1.3078,1.30888,1.30096,1.30192,68395
2012-08-10,1.30193,1.31181,1.30027,1.30755,67888
2012-08-12,1.30754,1.31854,1.30478,1.31733,57198
2012-08-13,1.31786,1.31857,1.31735,1.3175,2677
2012-08-14,1.31751,1.32638,1.31405,1.32279,54886
2012-08-15,1.3228,1.32507,1.31709,1.32371,59184
2012-08-16,1.32372,1.32834,1.31775,1.3216,63738
2012-08-17,1.32161,1.32531,1.31337,1.32032,71999
2012-08-19,1.32033,1.3292,1.31891,1.32683,65374
2012-08-20,1.327,1.32833,1.32644,1.32825,3325
2012-08-21,1.32824,1.33662,1.31908,1.33558,66760
2012-08-22,1.33559,1.33839,1.33115,1.33277,59225
2012-08-23,1.33276,1.33721,1.32762,1.33243,68437
2012-08-24,1.33242,1.3344,1.32506,1.33128,68471
2012-08-26,1.33127,1.33751,1.33083,1.33411,63740
2012-08-27,1.33599,1.33749,1.33547,1.33555,4416
2012-08-28,1.33556,1.33789,1.3277,1.33291,64558
2012-08-29,1.33292,1.33661,1.32121,1.32211,72523
2012-08-30,1.32212,1.32318,1.31058,1.31424,75974
2012-08-31,1.31425,1.31629,1.30339,1.30614,62578
2012-09-02,1.30613,1.31109,1.30509,1.30942,28177
2012-09-03,1.31014,1.31033,1.30652,1.30844,3639
2012-09-04,1.30845,1.31324,1.30322,1.31078,37569
2012-09-05,1.31079,1.31429,1.30529,1.30699,75656
2012-09-06,1.307,1.31555,1.30651,1.31173,71953
2012-09-07,1.31172,1.32113,1.31008,1.31873,70439
2012-09-09,1.31874,1.31995,1.30682,1.30759,61591
2012-09-10,1.30646,1.30736,1.30398,1.30423,5212
2012-09-11,1.30425,1.31464,1.29935,1.31249,76147
2012-09-12,1.31248,1.31712,1.30891,1.31339,64342
2012-09-13,1.31338,1.31397,1.30565,1.31159,66938
2012-09-14,1.31158,1.31641,1.30682,1.31419,68704
2012-09-16,1.3142,1.32257,1.31274,1.3217,56997
2012-09-17,1.31828,1.32071,1.3182,1.32065,3873
2012-09-18,1.32064,1.32089,1.31032,1.31478,58168
2012-09-19,1.31477,1.32167,1.31438,1.31945,58181
2012-09-20,1.31944,1.3235,1.31723,1.32297,60922
2012-09-21,1.32295,1.32613,1.31756,1.31905,56986
2012-09-23,1.31903,1.32687,1.31561,1.32521,57322
2012-09-24,1.32354,1.32461,1.32352,1.32385,2588
2012-09-25,1.32386,1.32653,1.3207,1.32376,47946
2012-09-26,1.32377,1.32822,1.3203,1.32369,34374
2012-09-27,1.32368,1.32393,1.31211,1.31465,53913
2012-09-28,1.31463,1.31788,1.30942,1.3153,45563
2012-09-30,1.31531,1.3177,1.30791,1.30828,45122
2012-10-01,1.30119,1.30311,1.29539,1.296,11608
2012-10-02,1.29601,1.30641,1.29601,1.30569,62414
2012-10-03,1.30566,1.30586,1.29813,1.29913,68069
2012-10-04,1.29914,1.30024,1.29102,1.29331,78546
2012-10-05,1.29332,1.29778,1.29233,1.29319,62409
2012-10-07,1.29318,1.29561,1.29037,1.29158,58050
2012-10-08,1.2901,1.29029,1.28807,1.28961,6664
2012-10-09,1.28962,1.2903,1.28142,1.28294,64970
2012-10-10,1.28296,1.28675,1.27206,1.27336,63177
2012-10-11,1.27335,1.27575,1.268,1.27307,74139
2012-10-12,1.27309,1.27478,1.26656,1.26967,74368
2012-10-14,1.26969,1.27928,1.26409,1.27822,75339
2012-10-15,1.27634,1.27823,1.27473,1.27704,5575
2012-10-16,1.27705,1.28226,1.27239,1.28113,67386
2012-10-17,1.28111,1.28132,1.26506,1.26598,71428
2012-10-18,1.26597,1.26861,1.25441,1.25611,86423
2012-10-19,1.2561,1.26184,1.25144,1.25339,83290
2012-10-21,1.25338,1.25998,1.24999,1.25159,64680
2012-10-22,1.25723,1.25778,1.256,1.25651,4715
2012-10-23,1.25652,1.2623,1.25153,1.252,48565
2012-10-24,1.25199,1.25731,1.24599,1.24765,73569
2012-10-25,1.24768,1.24857,1.23598,1.2372,77691
2012-10-26,1.23721,1.2427,1.23351,1.23608,73922
2012-10-28,1.23607,1.24571,1.22872,1.24331,81162
2012-10-29,1.2416,1.2442,1.23949,1.23975,6223
2012-10-30,1.23976,1.25253,1.23847,1.25253,67985
2012-10-31,1.25255,1.2541,1.24089,1.246,72307
2012-11-01,1.24599,1.2584,1.24398,1.25746,81260
2012-11-02,1.25747,1.26239,1.25388,1.25662,77915
2012-11-04,1.25663,1.25701,1.24341,1.25155,75778
2012-11-05,1.26392,1.2667,1.26308,1.26427,8973
2012-11-06,1.26428,1.26456,1.2449,1.24764,79204
2012-11-07,1.24765,1.25275,1.24421,1.24994,79814
2012-11-08,1.24992,1.26089,1.24725,1.25733,81586
2012-11-09,1.25734,1.26354,1.25409,1.26244,73828
2012-11-11,1.26243,1.26634,1.25907,1.26381,65307
2012-11-12,1.26952,1.2746,1.26947,1.27031,8661
2012-11-13,1.2703,1.27261,1.25559,1.25949,79378
2012-11-14,1.25948,1.27291,1.25675,1.26777,77222
2012-11-15,1.26776,1.27415,1.26367,1.26794,77561
2012-11-16,1.26795,1.26976,1.25304,1.25485,75955
2012-11-18,1.25484,1.2582,1.25182,1.25695,63216
2012-11-19,1.25482,1.2557,1.2534,1.25366,2521
2012-11-20,1.25361,1.25432,1.24699,1.25014,50502
2012-11-21,1.25013,1.2529,1.24405,1.24839,69358
2012-11-22,1.2484,1.25068,1.24442,1.24683,57121
2012-11-23,1.24685,1.25229,1.2406,1.24397,74582
2012-11-25,1.24396,1.26913,1.24316,1.26638,87644
2012-11-26,1.26766,1.26794,1.26492,1.26534,3880
2012-11-27,1.26536,1.26661,1.25669,1.25784,65183
2012-11-28,1.25785,1.26257,1.25579,1.26033,53801
2012-11-29,1.26032,1.26056,1.25068,1.25143,46118
2012-11-30,1.25145,1.25373,1.23627,1.2391,68259
2012-12-02,1.23911,1.24,1.22588,1.22875,62325
2012-12-03,1.22633,1.22794,1.22548,1.22692,5002
2012-12-04,1.22691,1.23226,1.22682,1.2316,54702
2012-12-05,1.23161,1.23324,1.22341,1.22539,57783
2012-12-06,1.2254,1.22953,1.22116,1.22428,56927
2012-12-07,1.2243,1.22434,1.21657,1.21874,57790
2012-12-09,1.21875,1.22551,1.21611,1.2248,50393
2012-12-10,1.22666,1.22716,1.22436,1.22457,2826
2012-12-11,1.22456,1.22882,1.21742,1.22643,48419
2012-12-12,1.22642,1.23153,1.21877,1.22926,59706
2012-12-13,1.22925,1.23046,1.22155,1.2276,57606
2012-12-14,1.22759,1.23225,1.22279,1.22751,60783
2012-12-16,1.22752,1.22815,1.2143,1.21558,54288
2012-12-17,1.21196,1.21302,1.21128,1.21262,4966
2012-12-18,1.21263,1.21432,1.2066,1.21226,67018
2012-12-19,1.21225,1.21366,1.20408,1.20602,68536
2012-12-20,1.20601,1.21691,1.20522,1.21378,69926
2012-12-21,1.21377,1.23279,1.21161,1.22764,71041
2012-12-23,1.22765,1.23883,1.22404,1.23204,74497
2012-12-24,1.22974,1.2309,1.22945,1.23011,2988
2012-12-25,1.23013,1.23042,1.2224,1.22585,57413
2012-12-26,1.22584,1.23285,1.22477,1.22909,59469
2012-12-27,1.22908,1.2335,1.22169,1.22375,53739
2012-12-28,1.22374,1.24021,1.21326,1.21773,78328
2012-12-30,1.21772,1.2391,1.21653,1.23861,65377
2012-12-31,1.23964,1.24419,1.23817,1.24259,5889
2013-01-01,1.24262,1.2428,1.23404,1.2387,54047
2013-01-02,1.23871,1.24403,1.23747,1.23835,53867
2013-01-03,1.23836,1.24009,1.23255,1.23702,51041
2013-01-04,1.23704,1.23858,1.22657,1.22914,54541
2013-01-06,1.22915,1.23152,1.22401,1.22877,45924
2013-01-07,1.22892,1.22902,1.22734,1.22735,1733
2013-01-08,1.22736,1.2372,1.22596,1.23248,46961
2013-01-09,1.23247,1.23842,1.23154,1.23227,50554
2013-01-10,1.23228,1.23421,1.22628,1.22872,41508
2013-01-11,1.22873,1.23713,1.22546,1.23558,46556
2013-01-13,1.23557,1.23807,1.22877,1.23315,43727
2013-01-14,1.2351,1.2351,1.23276,1.23306,2860
2013-01-15,1.23305,1.23674,1.22939,1.23496,45175
2013-01-16,1.23497,1.24861,1.2345,1.2475,55441
2013-01-17,1.24751,1.25426,1.24299,1.25322,57826
2013-01-18,1.25323,1.2588,1.25235,1.25583,58981
2013-01-20,1.25582,1.25651,1.24804,1.25105,48175
2013-01-21,1.25117,1.25226,1.25029,1.25041,3154
2013-01-22,1.25042,1.25342,1.24887,1.24996,37056
2013-01-23,1.24995,1.25752,1.24641,1.25685,52266
2013-01-24,1.25683,1.25719,1.25175,1.25291,42753
2013-01-25,1.25292,1.25622,1.2486,1.25089,46123
2013-01-27,1.2509,1.26361,1.24923,1.25752,60405
2013-01-28,1.25705,1.25851,1.2567,1.2572,2587
2013-01-29,1.25721,1.26096,1.25589,1.25849,36757
2013-01-30,1.2585,1.26265,1.25248,1.25318,52356
2013-01-31,1.25314,1.26229,1.25003,1.2599,56653
2013-02-01,1.25991,1.26501,1.256,1.26294,63149
2013-02-03,1.26295,1.28159,1.2625,1.28151,61100
2013-02-04,1.2808,1.28111,1.27899,1.27941,2749
2013-02-05,1.27942,1.2802,1.27535,1.27594,50241
2013-02-06,1.27596,1.28697,1.27575,1.28501,59253
2013-02-07,1.28502,1.2935,1.28147,1.29008,66965
2013-02-08,1.29007,1.30002,1.28559,1.29916,67167
2013-02-10,1.29917,1.31673,1.29833,1.31273,67341
2013-02-11,1.31193,1.31333,1.31078,1.31125,3673
2013-02-12,1.31126,1.31705,1.30821,1.31067,59033
2013-02-13,1.31066,1.31135,1.3028,1.30449,61782
2013-02-14,1.3045,1.30835,1.29919,1.30562,59500
2013-02-15,1.30561,1.30575,1.2918,1.29723,67821
2013-02-17,1.29722,1.30465,1.29544,1.29782,60718
2013-02-18,1.29762,1.29888,1.29648,1.29657,3239
2013-02-19,1.29656,1.29783,1.28897,1.29393,48272
2013-02-20,1.29392,1.29693,1.28851,1.28971,55780
2013-02-21,1.28972,1.29114,1.2834,1.28766,52406
2013-02-22,1.28764,1.29267,1.28275,1.29108,58136
2013-02-24,1.29107,1.29582,1.28372,1.28577,58638
2013-02-25,1.28437,1.28488,1.28023,1.28076,4302
2013-02-26,1.28078,1.29372,1.28037,1.28868,55356
2013-02-27,1.28869,1.29664,1.28789,1.29102,50090
2013-02-28,1.29105,1.29356,1.2876,1.29215,48575
2013-03-01,1.29216,1.303,1.29088,1.30115,51574
2013-03-03,1.30114,1.307,1.29927,1.30331,46998
2013-03-04,1.3024,1.30247,1.30102,1.30139,2440
2013-03-05,1.30141,1.30146,1.29364,1.29737,40011
2013-03-06,1.29738,1.29893,1.28484,1.28574,54123
2013-03-07,1.28577,1.2912,1.2834,1.2859,51579
2013-03-08,1.28591,1.29501,1.28242,1.29304,45001
2013-03-10,1.29306,1.29902,1.29211,1.29514,37899
2013-03-11,1.29531,1.29597,1.29296,1.29329,2406
2013-03-12,1.29328,1.29773,1.28894,1.2966,44293
2013-03-13,1.29659,1.31228,1.29521,1.31044,48960
2013-03-14,1.31043,1.3138,1.30839,1.31104,47518
2013-03-15,1.31103,1.31272,1.30544,1.30669,45602
2013-03-17,1.3067,1.30756,1.30117,1.30231,41386
2013-03-18,1.302,1.3028,1.30146,1.30207,2478
2013-03-19,1.3021,1.30819,1.30187,1.30687,37561
2013-03-20,1.30684,1.30691,1.29507,1.29722,44721
2013-03-21,1.29723,1.29953,1.29191,1.29633,51546
2013-03-22,1.29632,1.30217,1.29257,1.29362,44926
2013-03-24,1.29361,1.29548,1.28813,1.29381,43825
2013-03-25,1.29418,1.29449,1.29174,1.29205,2364
2013-03-26,1.29206,1.29348,1.28839,1.29054,34188
2013-03-27,1.29053,1.2982,1.28846,1.29599,36701
2013-03-28,1.29598,1.30193,1.29452,1.29631,43096
2013-03-29,1.29632,1.29811,1.29234,1.29452,38980
2013-03-31,1.29451,1.29451,1.282,1.28345,45691
2013-04-01,1.28166,1.28332,1.28154,1.28214,2105
2013-04-02,1.28213,1.28412,1.2766,1.27984,44612
2013-04-03,1.27983,1.28251,1.27622,1.28044,46306
2013-04-04,1.28043,1.28748,1.27351,1.27549,64348
2013-04-05,1.2755,1.27749,1.27158,1.27396,53281
2013-04-07,1.27399,1.27887,1.26886,1.27122,50111
2013-04-08,1.27113,1.27351,1.27083,1.27191,2604
2013-04-09,1.27193,1.27376,1.26962,1.27052,36158
2013-04-10,1.27053,1.27268,1.26602,1.2708,55694
2013-04-11,1.27081,1.27765,1.27021,1.27279,53043
2013-04-12,1.27278,1.28004,1.27161,1.278,49471
2013-04-14,1.27799,1.27829,1.26892,1.27409,47467
2013-04-15,1.27477,1.27595,1.2739,1.27573,2288
2013-04-16,1.27576,1.28183,1.27446,1.27653,48550
2013-04-17,1.27654,1.28281,1.27635,1.28108,48073
2013-04-18,1.28109,1.28667,1.27351,1.28588,52615
2013-04-19,1.28586,1.28974,1.28329,1.28729,40732
2013-04-21,1.28726,1.29889,1.28672,1.29734,39474
2013-04-22,1.29675,1.2976,1.29622,1.29713,2626
2013-04-23,1.29714,1.30056,1.29428,1.29875,46222
2013-04-24,1.29874,1.30073,1.29142,1.29363,52487
2013-04-25,1.29364,1.29598,1.28787,1.29492,54192
2013-04-26,1.29493,1.30124,1.29379,1.29702,46274
2013-04-28,1.29701,1.30262,1.29669,1.29846,51560
2013-04-29,1.29829,1.29967,1.29829,1.29942,2215
2013-04-30,1.29943,1.30743,1.2992,1.30624,47025
2013-05-01,1.30623,1.31067,1.30446,1.30972,49024
2013-05-02,1.30971,1.3125,1.30589,1.30712,47302
2013-05-03,1.30711,1.30851,1.29491,1.29601,51732
2013-05-05,1.29603,1.29712,1.28757,1.29254,44347
2013-05-06,1.28884,1.29059,1.28861,1.29054,2780
2013-05-07,1.29055,1.2945,1.28846,1.29356,40774
2013-05-08,1.29355,1.30134,1.29275,1.30102,44792
2013-05-09,1.30101,1.30959,1.29944,1.30642,45097
2013-05-10,1.30641,1.30988,1.30397,1.30753,43408
2013-05-12,1.30754,1.31715,1.30651,1.31609,45232
2013-05-13,1.31764,1.31866,1.31619,1.31647,4657
2013-05-14,1.31653,1.31772,1.31429,1.31595,41976
2013-05-15,1.31597,1.32366,1.3155,1.32272,41734
2013-05-16,1.32271,1.33068,1.31878,1.32121,52494
2013-05-17,1.3212,1.32937,1.32019,1.32361,48527
2013-05-19,1.32359,1.32365,1.31572,1.31877,55401
2013-05-20,1.31739,1.31839,1.31716,1.31787,1836
2013-05-21,1.31786,1.32322,1.317,1.31913,28398
2013-05-22,1.31809,1.31845,1.31767,1.31794,814
2013-05-23,1.31793,1.32528,1.31691,1.32269,29455
2013-05-24,1.3227,1.32822,1.32001,1.32464,42733
2013-05-26,1.32463,1.32551,1.31647,1.3216,41199
2013-05-27,1.32118,1.32309,1.32115,1.32249,2139
2013-05-28,1.32248,1.32331,1.31709,1.31961,38220
2013-05-29,1.32045,1.32184,1.31873,1.31967,3082
2013-05-30,1.31966,1.32982,1.31555,1.31822,68941
2013-05-31,1.31821,1.31877,1.30211,1.30232,53844
2013-06-02,1.30231,1.30881,1.29962,1.30685,47992
2013-06-03,1.30737,1.30778,1.30641,1.30664,2197
2013-06-04,1.30663,1.31268,1.30155,1.31221,52341
2013-06-05,1.31218,1.31384,1.3055,1.30813,53605
2013-06-06,1.30812,1.30944,1.30356,1.3052,49950
2013-06-07,1.30521,1.32779,1.30374,1.32711,57201
2013-06-09,1.3271,1.33643,1.32471,1.33418,54579
2013-06-10,1.33591,1.33677,1.33491,1.3357,4462
2013-06-11,1.33568,1.34025,1.3335,1.33759,57139
2013-06-12,1.33757,1.33922,1.32627,1.3308,69400
2013-06-13,1.33081,1.33233,1.32555,1.32829,65767
2013-06-14,1.3283,1.33862,1.32686,1.33723,66245
2013-06-16,1.33724,1.33968,1.3279,1.33172,63565
2013-06-17,1.33139,1.33223,1.33075,1.33165,2155
2013-06-18,1.33164,1.33306,1.32987,1.33084,36502
2013-06-19,1.33082,1.33701,1.32657,1.33111,59120
2013-06-20,1.33112,1.33531,1.32632,1.33053,51493
2013-06-21,1.33052,1.33912,1.32849,1.33663,61073
2013-06-23,1.33664,1.34771,1.33482,1.34582,59302
2013-06-24,1.34645,1.34696,1.3452,1.34633,3041
2013-06-25,1.34631,1.34757,1.34233,1.34459,51085
2013-06-26,1.34458,1.34956,1.34131,1.34862,55488
2013-06-27,1.34863,1.35862,1.34808,1.35666,59402
2013-06-28,1.35665,1.36164,1.354,1.36097,53310
2013-06-30,1.36098,1.37093,1.35849,1.36391,54790
2013-07-01,1.36522,1.36579,1.36437,1.36437,1947
2013-07-02,1.36435,1.36473,1.34976,1.35093,56534
2013-07-03,1.35092,1.3596,1.34572,1.35802,65066
2013-07-04,1.358,1.35947,1.34922,1.35203,57920
2013-07-05,1.35204,1.35759,1.33692,1.33814,62311
2013-07-07,1.33813,1.34278,1.33522,1.33636,49441
2013-07-08,1.33684,1.33733,1.33625,1.33646,3521
2013-07-09,1.33645,1.3426,1.33558,1.34006,51394
2013-07-10,1.34007,1.34741,1.33627,1.34508,53430
2013-07-11,1.34504,1.35185,1.34249,1.34434,49049
2013-07-12,1.34435,1.34543,1.33136,1.33496,49917
2013-07-14,1.33497,1.33919,1.3305,1.33594,49704
2013-07-15,1.33483,1.33576,1.33359,1.33368,3353
2013-07-16,1.33367,1.33778,1.33201,1.33471,38310
2013-07-17,1.3347,1.33947,1.33275,1.33935,48276
2013-07-18,1.33934,1.34325,1.32696,1.32713,55989
2013-07-19,1.32714,1.32879,1.31599,1.31907,62643
2013-07-21,1.31911,1.3244,1.3144,1.31886,50499
2013-07-22,1.3215,1.32161,1.31847,1.319,4446
2013-07-23,1.31901,1.33171,1.30466,1.30649,79266
2013-07-24,1.30646,1.31209,1.30169,1.30671,74075
2013-07-25,1.30672,1.31603,1.30401,1.31535,67107
2013-07-26,1.31534,1.31567,1.30518,1.30589,55414
2013-07-28,1.30588,1.30997,1.29653,1.30229,52835
2013-07-29,1.30113,1.30297,1.30031,1.30139,2818
2013-07-30,1.3014,1.30391,1.29809,1.30332,46403
2013-07-31,1.30334,1.30737,1.30089,1.30463,46056
2013-08-01,1.30464,1.30691,1.29635,1.29766,45642
2013-08-02,1.29767,1.3117,1.29735,1.31068,54135
2013-08-04,1.31069,1.31329,1.29537,1.30019,50111
2013-08-05,1.2996,1.30025,1.2978,1.29856,2966
2013-08-06,1.29857,1.30522,1.29824,1.30308,41127
2013-08-07,1.30307,1.3073,1.29899,1.3029,48856
2013-08-08,1.30289,1.30634,1.2922,1.29578,47906
2013-08-09,1.29579,1.30305,1.291,1.30106,49014
2013-08-11,1.30105,1.31056,1.30014,1.30741,43756
2013-08-12,1.29036,1.29209,1.28871,1.28895,7241
2013-08-13,1.28896,1.29938,1.28806,1.29423,67295
2013-08-14,1.29421,1.29683,1.28425,1.28629,64698
2013-08-15,1.28628,1.29769,1.2862,1.2938,55744
2013-08-16,1.29381,1.29539,1.28784,1.29018,60275
2013-08-18,1.2902,1.30087,1.28868,1.29877,48757
2013-08-19,1.29667,1.30468,1.29645,1.30174,4958
2013-08-20,1.30175,1.30465,1.28285,1.28552,70005
2013-08-21,1.28554,1.28883,1.28269,1.28591,56043
2013-08-22,1.28593,1.28655,1.27497,1.27734,56995
2013-08-23,1.27735,1.2843,1.27539,1.28129,51674
2013-08-25,1.2813,1.28354,1.27919,1.28167,19143
2013-08-26,1.28069,1.28123,1.27994,1.28037,1684
2013-08-27,1.28038,1.28664,1.27699,1.2847,29538
2013-08-28,1.28469,1.28763,1.28076,1.28178,46963
2013-08-29,1.28177,1.2863,1.27885,1.28477,45317
2013-08-30,1.28476,1.29474,1.27448,1.29244,62002
2013-09-01,1.29245,1.30382,1.28993,1.29919,54598
2013-09-02,1.29729,1.30046,1.29729,1.299,5837
2013-09-03,1.29903,1.30364,1.29671,1.30279,48234
2013-09-04,1.30278,1.31017,1.30037,1.30792,53600
2013-09-05,1.30791,1.31204,1.30499,1.3051,39822
2013-09-06,1.30511,1.31368,1.30424,1.31142,49754
2013-09-08,1.31143,1.3125,1.30355,1.31097,49034
2013-09-09,1.31128,1.31136,1.30944,1.30953,3126
2013-09-10,1.30954,1.31061,1.30206,1.30518,67540
2013-09-11,1.30517,1.32001,1.30268,1.31766,67513
2013-09-12,1.31765,1.31981,1.30002,1.30323,67846
2013-09-13,1.30324,1.30947,1.30197,1.30509,61562
2013-09-15,1.30508,1.3127,1.30458,1.305,49113
2013-09-16,1.30757,1.30762,1.30522,1.3056,2794
2013-09-17,1.30561,1.30823,1.30138,1.30575,44409
2013-09-18,1.30574,1.30824,1.29715,1.29927,59247
2013-09-19,1.29914,1.30325,1.29538,1.30147,50076
2013-09-20,1.30148,1.30919,1.29875,1.30027,53474
2013-09-22,1.30026,1.30461,1.29892,1.30277,50192
2013-09-23,1.30455,1.30666,1.30378,1.30382,3650
2013-09-24,1.3038,1.31148,1.30305,1.30921,40646
2013-09-25,1.3092,1.31843,1.3053,1.31663,46202
2013-09-26,1.31662,1.32411,1.31591,1.3179,40575
2013-09-27,1.31789,1.32168,1.3036,1.3064,46952
2013-09-29,1.30638,1.31578,1.30322,1.31133,44135
2013-09-30,1.31182,1.31247,1.31091,1.31194,2181
2013-10-01,1.31193,1.31393,1.30524,1.30706,29409
2013-10-02,1.30703,1.31304,1.30666,1.30738,34978
2013-10-03,1.30739,1.31929,1.30705,1.31589,46918
2013-10-04,1.3159,1.31757,1.30094,1.30309,50319
2013-10-06,1.3031,1.30493,1.29341,1.29888,52413
2013-10-07,1.29693,1.29773,1.29584,1.29658,2932
2013-10-08,1.29657,1.29967,1.29401,1.29845,51456
2013-10-09,1.29844,1.30263,1.29115,1.29348,65334
2013-10-10,1.2935,1.2941,1.28419,1.28811,58279
2013-10-11,1.28812,1.29281,1.28451,1.28817,58388
2013-10-13,1.28819,1.28876,1.27952,1.28358,50233
2013-10-14,1.28416,1.28472,1.28266,1.28297,4273
2013-10-15,1.28298,1.29024,1.28183,1.2889,43434
2013-10-16,1.28892,1.29319,1.28399,1.29182,52055
2013-10-17,1.29181,1.29965,1.28323,1.28408,63490
2013-10-18,1.28411,1.29549,1.28201,1.29211,72664
2013-10-20,1.29212,1.2992,1.2903,1.29306,58780
2013-10-21,1.29343,1.29425,1.29318,1.29345,2857
2013-10-22,1.29343,1.29472,1.29141,1.29326,27448
2013-10-23,1.29323,1.29481,1.28403,1.28432,54746
2013-10-24,1.28433,1.2976,1.28365,1.29454,52911
2013-10-25,1.29455,1.30593,1.29321,1.30407,58888
2013-10-27,1.30408,1.30473,1.2943,1.29963,58315
2013-10-28,1.29924,1.29988,1.29835,1.29932,2897
2013-10-29,1.29934,1.3106,1.29541,1.30686,53786
2013-10-30,1.30688,1.30999,1.30409,1.30702,51035
2013-10-31,1.30701,1.31128,1.30519,1.30853,58336
2013-11-01,1.30852,1.33043,1.30737,1.32412,68597
2013-11-03,1.32413,1.32818,1.31905,1.32169,73062
2013-11-04,1.31927,1.32137,1.31852,1.3201,3740
2013-11-05,1.32009,1.32677,1.31761,1.32507,58742
2013-11-06,1.32508,1.33161,1.32314,1.33108,73433
2013-11-07,1.33109,1.33581,1.32644,1.33429,60135
2013-11-08,1.33431,1.33887,1.32772,1.33576,65255
2013-11-10,1.33575,1.33719,1.32934,1.33433,48049
2013-11-11,1.33469,1.33562,1.3342,1.33531,1748
2013-11-12,1.33526,1.338,1.33171,1.33608,41086
2013-11-13,1.33607,1.34141,1.33245,1.33915,49980
2013-11-14,1.33914,1.34157,1.32609,1.32804,49935
2013-11-15,1.32806,1.32991,1.31599,1.32264,66475
2013-11-17,1.32263,1.32527,1.30973,1.31199,53899
2013-11-18,1.30918,1.31128,1.30918,1.31052,3300
2013-11-19,1.31053,1.31426,1.30578,1.31335,51508
2013-11-20,1.31336,1.31492,1.30638,1.3074,48236
2013-11-21,1.30741,1.30857,1.29835,1.30149,49783
2013-11-22,1.3015,1.30556,1.29988,1.30349,46501
2013-11-24,1.30348,1.31016,1.29898,1.30087,48757
2013-11-25,1.30126,1.30147,1.30041,1.30066,2281
2013-11-26,1.30065,1.30695,1.30061,1.30665,34433
2013-11-27,1.30664,1.30766,1.29622,1.29734,45455
2013-11-28,1.29733,1.30303,1.29218,1.30195,48748
2013-11-29,1.30194,1.30194,1.28818,1.2891,42496
2013-12-01,1.28909,1.29042,1.28048,1.28285,39610
2013-12-02,1.28106,1.28312,1.28106,1.28114,2926
2013-12-03,1.28117,1.28805,1.28103,1.28593,34883
2013-12-04,1.28594,1.28966,1.27539,1.27751,44419
2013-12-05,1.27753,1.32049,1.27635,1.31152,56369
2013-12-06,1.31159,1.31456,1.30045,1.30854,65320
2013-12-08,1.30855,1.30987,1.29979,1.30655,45571
2013-12-09,1.3076,1.30761,1.30554,1.30595,1961
2013-12-10,1.30596,1.30777,1.2992,1.30569,38020
2013-12-11,1.30566,1.31727,1.30504,1.31464,44291
2013-12-12,1.31465,1.31761,1.30819,1.31149,35454
2013-12-13,1.3115,1.31241,1.30656,1.31072,35205
2013-12-15,1.31073,1.31521,1.3088,1.3141,31496
2013-12-16,1.31375,1.31589,1.3135,1.31569,2133
2013-12-17,1.31567,1.32166,1.31429,1.31895,29381
2013-12-18,1.31894,1.32373,1.31622,1.32198,30257
2013-12-19,1.32197,1.32547,1.31758,1.31891,39450
2013-12-20,1.31893,1.32944,1.31643,1.32723,40578
2013-12-22,1.32722,1.32955,1.32513,1.32774,33263
2013-12-23,1.32847,1.32924,1.32741,1.3285,2031
2013-12-24,1.32842,1.32937,1.32379,1.32618,36003
2013-12-26,1.32616,1.33004,1.32331,1.32643,37136
2013-12-27,1.32644,1.33433,1.32085,1.3299,50851
2013-12-29,1.32992,1.33094,1.31923,1.32102,46902
2013-12-30,1.32105,1.32925,1.31875,1.3276,38321
2013-12-31,1.32798,1.32858,1.32725,1.32757,2308
2014-01-01,1.32762,1.32991,1.32316,1.32562,34834
2014-01-02,1.32559,1.33217,1.32448,1.33057,38861
2014-01-03,1.3305,1.33439,1.32643,1.33387,41896
2014-01-05,1.33386,1.33989,1.33267,1.33779,38160
2014-01-06,1.33778,1.3389,1.33313,1.33403,29320
2014-01-07,1.33196,1.33428,1.33196,1.3337,2101
2014-01-08,1.33369,1.33389,1.32759,1.32901,30948
2014-01-09,1.329,1.33155,1.32322,1.32636,40240
2014-01-10,1.32637,1.32788,1.32377,1.32633,33649
2014-01-12,1.32634,1.33615,1.32044,1.33492,47235
2014-01-13,1.33491,1.33785,1.33099,1.33261,33375
2014-01-14,1.33341,1.3342,1.33198,1.33276,1593
2014-01-15,1.33277,1.33731,1.33138,1.33324,34685
2014-01-16,1.33323,1.34504,1.3322,1.34193,43572
2014-01-17,1.34192,1.34257,1.33342,1.33398,42314
2014-01-19,1.33399,1.33718,1.32968,1.33542,39033
2014-01-20,1.33541,1.34083,1.33321,1.33816,36138
2014-01-21,1.33842,1.33917,1.3376,1.33855,1886
2014-01-22,1.33854,1.33929,1.33553,1.33767,22335
2014-01-23,1.33768,1.33973,1.33213,1.33893,33819
2014-01-24,1.33892,1.33962,1.33037,1.33332,33389
2014-01-26,1.33331,1.33389,1.3218,1.32355,36783
2014-01-27,1.32356,1.32534,1.31718,1.32211,30213
2014-01-28,1.32131,1.3214,1.31955,1.32054,1940
2014-01-29,1.32055,1.32256,1.31823,1.31879,22988
2014-01-30,1.31877,1.31956,1.31372,1.31703,32596
2014-01-31,1.31704,1.32165,1.31557,1.31981,29874
2014-02-02,1.3198,1.32215,1.31092,1.31179,33465
2014-02-03,1.31178,1.31876,1.31034,1.31774,29606
2014-02-04,1.31639,1.31778,1.31624,1.31708,2115
2014-02-05,1.31707,1.32794,1.31655,1.32543,28795
2014-02-06,1.32542,1.32743,1.32289,1.3266,28252
2014-02-07,1.32658,1.33231,1.32426,1.33122,30839
2014-02-09,1.33123,1.33233,1.32558,1.3297,29966
2014-02-10,1.32971,1.332,1.32527,1.32953,26964
2014-02-11,1.33577,1.33806,1.33556,1.3357,5072
2014-02-12,1.33571,1.33842,1.33287,1.3334,27065
2014-02-13,1.33339,1.3368,1.33239,1.33551,27121
2014-02-14,1.33549,1.35403,1.33368,1.35223,36652
2014-02-16,1.35224,1.3567,1.3508,1.3532,40901
2014-02-17,1.35319,1.35473,1.34965,1.35232,30925
2014-02-18,1.35467,1.35474,1.3525,1.35321,2359
2014-02-19,1.3532,1.35432,1.34781,1.34953,25985
2014-02-20,1.34952,1.35174,1.3463,1.34718,31707
2014-02-21,1.34716,1.35358,1.34608,1.35159,31835
2014-02-23,1.35158,1.35248,1.3471,1.3486,28979
2014-02-24,1.34862,1.3563,1.3473,1.35213,27760
2014-02-25,1.3491,1.3497,1.34769,1.34934,2537
2014-02-26,1.34932,1.35544,1.34763,1.35222,29853
2014-02-27,1.35221,1.35865,1.35151,1.35215,39024
2014-02-28,1.35213,1.36052,1.35037,1.35885,36634
2014-03-02,1.35884,1.36448,1.35791,1.36214,37623
2014-03-03,1.36216,1.36303,1.35372,1.35535,31543
2014-03-04,1.35632,1.357,1.35599,1.35672,1927
2014-03-05,1.35671,1.35897,1.35412,1.35795,27200
2014-03-06,1.35794,1.36058,1.35561,1.35976,30048
2014-03-07,1.35978,1.35992,1.34847,1.35172,36180
2014-03-09,1.35171,1.35449,1.34864,1.35249,28126
2014-03-10,1.35248,1.35802,1.35181,1.35408,26185
2014-03-11,1.35597,1.35617,1.35498,1.35538,1625
2014-03-12,1.35537,1.35963,1.35441,1.35551,20595
2014-03-13,1.35552,1.35697,1.34781,1.35193,35143
2014-03-14,1.35196,1.35661,1.34716,1.35204,35140
2014-03-16,1.35202,1.36804,1.35144,1.36669,41993
2014-03-17,1.3667,1.37023,1.3658,1.3684,28140
2014-03-18,1.36827,1.36868,1.36795,1.36799,1388
2014-03-19,1.36798,1.3687,1.36497,1.36708,22917
2014-03-20,1.36709,1.37905,1.36611,1.37767,31505
2014-03-21,1.37766,1.37915,1.37402,1.37773,32610
2014-03-23,1.37771,1.38238,1.37632,1.38002,36253
2014-03-24,1.38003,1.38308,1.37731,1.38029,30403
2014-03-25,1.38058,1.38092,1.37989,1.38033,1191
2014-03-26,1.38032,1.38162,1.37737,1.37866,24191
2014-03-27,1.37865,1.38117,1.37352,1.37412,33436
2014-03-28,1.37413,1.37836,1.36946,1.37221,37878
2014-03-30,1.3722,1.37373,1.35739,1.35776,44426
2014-03-31,1.35775,1.358,1.34787,1.34875,35920
2014-04-01,1.34863,1.34957,1.34854,1.34907,1621
2014-04-02,1.34905,1.3523,1.34411,1.3514,32247
2014-04-03,1.35138,1.3521,1.34477,1.34706,36546
2014-04-04,1.34708,1.35461,1.34662,1.35161,33019
2014-04-06,1.3516,1.35274,1.32938,1.34075,47284
2014-04-07,1.34074,1.34362,1.33166,1.33664,37378
2014-04-08,1.33563,1.33612,1.33435,1.3345,1695
2014-04-09,1.33452,1.34148,1.33452,1.3406,25554
2014-04-10,1.34059,1.34547,1.33578,1.34362,38147
2014-04-11,1.34363,1.34963,1.33889,1.3483,39400
2014-04-13,1.34829,1.34928,1.34171,1.34449,36862
2014-04-14,1.34446,1.35037,1.34309,1.34942,29136
2014-04-15,1.34954,1.34972,1.3479,1.34808,1345
2014-04-16,1.34807,1.35402,1.34732,1.35007,31467
2014-04-17,1.35004,1.35769,1.34864,1.35627,41639
2014-04-18,1.35622,1.35629,1.3414,1.34289,45313
2014-04-20,1.3429,1.34851,1.33981,1.34698,41567
2014-04-21,1.34697,1.35562,1.3461,1.35554,31186
2014-04-22,1.35479,1.35586,1.35465,1.35498,1364
2014-04-23,1.35499,1.3555,1.34888,1.35321,31142
2014-04-24,1.3532,1.35734,1.35197,1.35655,33003
2014-04-25,1.35656,1.36114,1.35563,1.35718,33982
2014-04-27,1.35719,1.36168,1.35622,1.36015,26556
2014-04-28,1.36014,1.36202,1.35788,1.35893,33613
2014-04-29,1.35858,1.3591,1.358,1.35836,1528
2014-04-30,1.35835,1.36143,1.35247,1.35406,37455
2014-05-01,1.35407,1.36123,1.3523,1.35903,37422
2014-05-02,1.35904,1.3604,1.35271,1.35839,41655
2014-05-04,1.3584,1.36759,1.35421,1.36674,49273
2014-05-05,1.36673,1.3705,1.3619,1.37035,39068
2014-05-06,1.37125,1.37201,1.37029,1.37053,2253
2014-05-07,1.37052,1.37445,1.36929,1.37357,29753
2014-05-08,1.37356,1.37934,1.3733,1.37629,36582
2014-05-09,1.37628,1.38093,1.37396,1.37838,35966
2014-05-11,1.37837,1.38018,1.37364,1.37483,40064
2014-05-12,1.37484,1.37677,1.37083,1.374,31774
2014-05-13,1.3728,1.37405,1.37273,1.37367,1077
2014-05-14,1.37368,1.37969,1.37363,1.37593,27944
2014-05-15,1.37594,1.37808,1.37218,1.37679,30953
2014-05-16,1.37678,1.38099,1.36667,1.36811,42740
2014-05-18,1.3681,1.36926,1.36481,1.36542,39885
2014-05-19,1.36543,1.37078,1.3624,1.36708,33546
2014-05-20,1.36707,1.36764,1.36664,1.36761,857
2014-05-21,1.3676,1.37154,1.36714,1.36958,24816
2014-05-22,1.36957,1.36965,1.36555,1.36743,16504
2014-05-23,1.36831,1.37009,1.36786,1.36932,13100
2014-05-25,1.36933,1.38915,1.36911,1.37471,41655
2014-05-26,1.37559,1.37681,1.37449,1.37498,1562
2014-05-27,1.37497,1.38175,1.37272,1.38069,28499
2014-05-28,1.38068,1.3811,1.37585,1.37754,18937
2014-05-29,1.3762,1.37722,1.3762,1.37646,892
2014-05-30,1.37643,1.37735,1.36283,1.36639,45700
2014-06-01,1.36637,1.36705,1.3581,1.35876,35689
2014-06-02,1.3592,1.3599,1.35877,1.35943,1508
2014-06-03,1.35942,1.36515,1.357,1.36284,35697
2014-06-04,1.36283,1.36549,1.35954,1.36158,37138
2014-06-05,1.36156,1.36336,1.35521,1.35701,40836
2014-06-06,1.35702,1.36315,1.35474,1.36049,38308
2014-06-08,1.36048,1.36856,1.35728,1.36686,34706
2014-06-09,1.36737,1.36757,1.36631,1.36706,1427
2014-06-10,1.36707,1.36834,1.36361,1.36674,30483
2014-06-11,1.36673,1.36979,1.36478,1.36657,35127
2014-06-12,1.3666,1.36718,1.358,1.35982,30552
2014-06-13,1.35981,1.3648,1.35817,1.36147,31925
2014-06-15,1.36143,1.36197,1.35158,1.35398,28195
2014-06-16,1.35362,1.35367,1.35235,1.35258,1648
2014-06-17,1.3526,1.35665,1.35062,1.35443,24740
2014-06-18,1.35442,1.35673,1.35151,1.3556,29131
2014-06-19,1.35559,1.35818,1.35333,1.35427,31065
2014-06-20,1.35426,1.36968,1.3529,1.36867,42175
2014-06-22,1.36868,1.3738,1.36613,1.36753,40474
2014-06-23,1.36773,1.36891,1.3674,1.36853,1674
2014-06-24,1.36854,1.37152,1.36518,1.36728,30961
2014-06-25,1.36727,1.36871,1.36278,1.3653,27879
2014-06-26,1.36529,1.36833,1.36017,1.3656,40297
2014-06-27,1.36559,1.3661,1.35421,1.35561,37916
2014-06-29,1.3556,1.35717,1.34778,1.34874,39896
2014-06-30,1.34823,1.34899,1.34808,1.3486,1793
2014-07-01,1.34859,1.35341,1.34758,1.35213,36776
2014-07-02,1.35212,1.35373,1.3492,1.35145,31052
2014-07-03,1.35144,1.35535,1.34974,1.35324,33812
2014-07-04,1.35326,1.36175,1.34815,1.35903,33299
2014-07-06,1.35904,1.36418,1.35507,1.3635,31773
2014-07-07,1.36154,1.36258,1.36152,1.36173,1531
2014-07-08,1.36172,1.36499,1.36171,1.36438,22278
2014-07-09,1.36442,1.36814,1.36281,1.36353,29480
2014-07-10,1.36352,1.36513,1.35609,1.35863,32755
2014-07-11,1.35864,1.36903,1.35842,1.36748,31265
2014-07-13,1.36747,1.37133,1.36724,1.36916,25513
2014-07-14,1.3707,1.37072,1.36938,1.37026,917
2014-07-15,1.37027,1.37228,1.36907,1.37025,20067
2014-07-16,1.37024,1.37688,1.36932,1.37591,26867
2014-07-17,1.37589,1.37717,1.37231,1.37281,24181
2014-07-18,1.3728,1.37612,1.36847,1.37193,31415
2014-07-20,1.37192,1.37571,1.37006,1.37358,23623
2014-07-21,1.37337,1.37403,1.37321,1.3736,846
2014-07-22,1.37361,1.37703,1.3707,1.37332,25667
2014-07-23,1.37327,1.37654,1.3715,1.37445,25829
2014-07-24,1.37444,1.37558,1.36604,1.36796,28660
2014-07-25,1.36797,1.37253,1.36418,1.37052,28690
2014-07-27,1.37051,1.3823,1.36928,1.38,34459
2014-07-28,1.3757,1.37866,1.3757,1.37728,2226
2014-07-29,1.3773,1.37912,1.37249,1.37341,30593
2014-07-30,1.3734,1.37794,1.37195,1.37406,26028
2014-07-31,1.37405,1.37477,1.37061,1.37302,25462
2014-08-01,1.37303,1.38714,1.37199,1.38621,31435
2014-08-03,1.3862,1.39136,1.3851,1.38753,27308
2014-08-04,1.38706,1.38784,1.38706,1.38759,918
2014-08-05,1.3876,1.38964,1.38602,1.38745,22702
2014-08-06,1.38746,1.38752,1.38324,1.38552,26172
2014-08-07,1.38551,1.39129,1.3842,1.39009,26754
2014-08-08,1.3901,1.39654,1.38443,1.38637,39252
2014-08-10,1.38638,1.39337,1.38462,1.39124,28850
2014-08-11,1.39112,1.39141,1.39025,1.39077,1693
2014-08-12,1.39076,1.39459,1.38777,1.39238,24252
2014-08-13,1.39237,1.39406,1.38787,1.39278,27168
2014-08-14,1.39279,1.39311,1.38083,1.38167,29636
2014-08-15,1.38168,1.38433,1.3748,1.37773,28617
2014-08-17,1.37772,1.38093,1.37643,1.3792,23298
2014-08-18,1.37938,1.3796,1.37867,1.37955,1080
2014-08-19,1.37954,1.38745,1.37591,1.3835,29014
2014-08-20,1.38351,1.38456,1.3748,1.38187,35739
2014-08-21,1.38188,1.38219,1.37751,1.37844,30216
2014-08-22,1.37843,1.37954,1.37274,1.37392,33847
2014-08-24,1.37393,1.37714,1.37039,1.37503,27021
2014-08-25,1.3761,1.37617,1.37436,1.37518,1587
2014-08-26,1.37516,1.38062,1.37217,1.37724,31739
2014-08-27,1.37725,1.3814,1.37677,1.3792,25731
2014-08-28,1.37921,1.38188,1.37518,1.37652,24909
2014-08-29,1.37653,1.3805,1.36969,1.37214,32302
2014-08-31,1.37213,1.37293,1.36713,1.37026,29898
2014-09-01,1.36974,1.37027,1.36949,1.37023,1522
2014-09-02,1.37022,1.37472,1.36958,1.37407,17606
2014-09-03,1.37406,1.38102,1.37361,1.37915,23899
2014-09-04,1.37914,1.38604,1.37786,1.3851,24644
2014-09-05,1.38509,1.38977,1.38346,1.38852,25107
2014-09-07,1.38851,1.39041,1.38621,1.38834,21006
2014-09-08,1.38457,1.38591,1.38405,1.38458,2788
2014-09-09,1.38459,1.38616,1.38069,1.3814,23253
2014-09-10,1.38139,1.38319,1.37893,1.38096,21343
2014-09-11,1.38095,1.38494,1.38025,1.38225,20791
2014-09-12,1.38224,1.38631,1.38094,1.38094,18991
2014-09-14,1.38097,1.3821,1.3807,1.38126,6838
2014-09-15,1.3813,1.38159,1.38094,1.3813,983
2014-09-16,1.38129,1.38291,1.37858,1.37902,10270
2014-09-17,1.37904,1.38233,1.37837,1.38056,16477
2014-09-18,1.38057,1.38531,1.3799,1.38157,21107
2014-09-19,1.38154,1.38414,1.37901,1.38291,18808
2014-09-21,1.3829,1.38468,1.38258,1.38327,14276
2014-09-22,1.38424,1.38428,1.38349,1.38375,1110
2014-09-23,1.38374,1.3878,1.38134,1.38505,18489
2014-09-24,1.38508,1.38776,1.38041,1.38115,19097
2014-09-25,1.38114,1.38751,1.37755,1.38666,22051
2014-09-26,1.38667,1.38877,1.38615,1.38686,12403
2014-09-28,1.38685,1.38797,1.38109,1.38719,16583
2014-09-29,1.38834,1.38834,1.38699,1.38703,831
2014-09-30,1.38702,1.38846,1.38632,1.38735,14239
2014-10-01,1.38734,1.39496,1.38709,1.39277,19322
2014-10-02,1.39275,1.39372,1.39078,1.39091,19608
2014-10-03,1.39092,1.3992,1.38319,1.38412,27342
2014-10-05,1.38413,1.38423,1.37444,1.3757,20347
2014-10-06,1.37517,1.37596,1.37517,1.37589,1320
2014-10-07,1.3759,1.37734,1.37481,1.37542,16268
2014-10-08,1.37541,1.37701,1.36877,1.37064,22673
2014-10-09,1.37062,1.37294,1.36966,1.37162,18135
2014-10-10,1.37161,1.37307,1.36471,1.37154,23868
2014-10-12,1.37155,1.37253,1.36841,1.36925,15476
2014-10-13,1.36917,1.37015,1.36915,1.37014,1066
2014-10-14,1.37013,1.37328,1.36975,1.3711,19250
2014-10-15,1.37109,1.37124,1.36768,1.37019,17735
2014-10-16,1.3702,1.3722,1.36342,1.36805,22641
2014-10-17,1.36806,1.36857,1.36439,1.3652,20912
2014-10-19,1.36519,1.3652,1.36143,1.36301,18812
2014-10-20,1.36178,1.36414,1.36129,1.36263,1903
2014-10-21,1.36264,1.3653,1.36143,1.36508,13177
2014-10-22,1.36504,1.36672,1.36113,1.36322,19974
2014-10-23,1.36324,1.36363,1.35874,1.35905,20125
2014-10-24,1.35906,1.36241,1.35847,1.36013,17474
2014-10-26,1.36014,1.36487,1.35971,1.36316,17896
2014-10-27,1.36349,1.36355,1.36212,1.36275,1322
2014-10-28,1.36273,1.36346,1.35869,1.35951,20791
2014-10-29,1.35952,1.36462,1.35865,1.36196,20246
2014-10-30,1.36195,1.36369,1.35952,1.36011,20070
2014-10-31,1.3601,1.36685,1.35017,1.3659,30728
2014-11-02,1.36591,1.36754,1.36196,1.36412,26077
2014-11-03,1.36423,1.3647,1.36417,1.36463,1026
2014-11-04,1.36464,1.36671,1.35812,1.3591,20637
2014-11-05,1.35911,1.36005,1.35321,1.35378,24615
2014-11-06,1.35379,1.35555,1.35203,1.35343,24988
2014-11-07,1.35347,1.35705,1.3511,1.35493,29042
2014-11-09,1.35492,1.35776,1.35196,1.35391,22868
2014-11-10,1.35404,1.35412,1.35297,1.35344,1588
2014-11-11,1.35345,1.35779,1.35117,1.35743,21176
2014-11-12,1.35744,1.35856,1.35349,1.35473,21074
2014-11-13,1.35474,1.35979,1.35405,1.35881,24138
2014-11-14,1.35883,1.3642,1.35834,1.36088,23614
2014-11-16,1.36087,1.36326,1.3563,1.35979,18660
2014-11-17,1.35937,1.3595,1.35894,1.35896,1405
2014-11-18,1.35897,1.36121,1.35727,1.35988,19629
2014-11-19,1.35989,1.36262,1.35821,1.36045,21526
2014-11-20,1.36044,1.36493,1.3599,1.36265,19849
2014-11-21,1.36266,1.36399,1.3575,1.361,22390
2014-11-23,1.36097,1.36492,1.36086,1.36481,18484
2014-11-24,1.36435,1.36462,1.36411,1.3642,932
2014-11-25,1.36419,1.36963,1.36389,1.369,20299
2014-11-26,1.36899,1.36986,1.36742,1.36789,17882
2014-11-27,1.3679,1.36798,1.3641,1.36517,16255
2014-11-28,1.36516,1.36628,1.35948,1.36075,20617
2014-11-30,1.36074,1.36098,1.35841,1.3593,11381
2014-12-01,1.35945,1.35952,1.35828,1.35868,1369
2014-12-02,1.35869,1.36078,1.35746,1.36044,14106
2014-12-03,1.36043,1.36159,1.35868,1.36154,14026
2014-12-04,1.36155,1.36465,1.36009,1.36419,18353
2014-12-05,1.36418,1.36493,1.35878,1.36028,18169
2014-12-07,1.36029,1.36233,1.35909,1.36059,13818
2014-12-08,1.36014,1.36064,1.36005,1.36007,1173
2014-12-09,1.36008,1.36389,1.35961,1.36204,16259
2014-12-10,1.36205,1.36266,1.35608,1.35693,24569
2014-12-11,1.35694,1.35699,1.35195,1.35258,20704
2014-12-12,1.35259,1.35387,1.35113,1.35173,23949
2014-12-14,1.35172,1.35346,1.34898,1.3523,23991
2014-12-15,1.35275,1.35304,1.35234,1.35291,1201
2014-12-16,1.3529,1.35477,1.35116,1.35207,17973
2014-12-17,1.35208,1.35282,1.34578,1.34654,26629
2014-12-18,1.34653,1.34727,1.34536,1.34598,21249
2014-12-19,1.34597,1.34834,1.34387,1.34638,23630
2014-12-21,1.34639,1.34742,1.34204,1.34286,22448
2014-12-22,1.34299,1.34329,1.34258,1.34273,981
2014-12-23,1.34274,1.34425,1.34256,1.34359,13330
2014-12-24,1.3436,1.34431,1.34029,1.34085,19155
2014-12-26,1.34086,1.34139,1.33658,1.33932,29978
2014-12-28,1.33931,1.33991,1.33702,1.33875,23422
2014-12-29,1.33874,1.34433,1.33771,1.34274,27000
2014-12-30,1.3429,1.3429,1.34218,1.34266,837
2014-12-31,1.34267,1.34298,1.3408,1.34203,17834
2015-01-01,1.34204,1.34234,1.33569,1.337,24980
2015-01-02,1.33699,1.33863,1.3332,1.33782,30456
2015-01-04,1.33783,1.33921,1.33359,1.33558,29795
2015-01-05,1.33559,1.34312,1.33422,1.34087,31407
2015-01-06,1.34064,1.34105,1.34016,1.3403,1228
2015-01-07,1.34029,1.34071,1.33791,1.33809,19055
2015-01-08,1.33808,1.33817,1.33347,1.33634,22844
2015-01-09,1.33635,1.34138,1.33409,1.33645,26233
2015-01-11,1.33644,1.34063,1.33472,1.336,27253
2015-01-12,1.33601,1.34104,1.33574,1.33982,28193
2015-01-13,1.33923,1.33972,1.33867,1.33882,1286
2015-01-14,1.33883,1.33979,1.33515,1.33587,20094
2015-01-15,1.33588,1.33591,1.3312,1.33189,26234
2015-01-16,1.33191,1.33203,1.3254,1.32576,29907
2015-01-18,1.32577,1.32871,1.32407,1.3278,23467
2015-01-19,1.32779,1.32952,1.32194,1.32413,25528
2015-01-20,1.3194,1.32028,1.31844,1.31958,2621
2015-01-21,1.3196,1.3209,1.31777,1.31847,21230
2015-01-22,1.31848,1.32134,1.31634,1.31682,29459
2015-01-23,1.31683,1.32085,1.31514,1.31906,31503
2015-01-25,1.31907,1.32194,1.31583,1.31828,30752
2015-01-26,1.31829,1.31948,1.31305,1.31305,28661
2015-01-27,1.31298,1.31335,1.31232,1.31254,1115
2015-01-28,1.31255,1.31441,1.31178,1.31297,17806
2015-01-29,1.31295,1.31354,1.31089,1.31296,23542
2015-01-30,1.31294,1.31586,1.31209,1.31467,28144
2015-02-01,1.31468,1.31527,1.29187,1.29286,38015
2015-02-02,1.29287,1.2987,1.29234,1.29499,28696
2015-02-03,1.29561,1.29574,1.29476,1.295,1308
2015-02-04,1.29502,1.29577,1.28809,1.28899,25685
2015-02-05,1.289,1.2956,1.2858,1.29395,30826
2015-02-06,1.29396,1.29616,1.28826,1.29154,38991
2015-02-08,1.29153,1.29504,1.28957,1.29212,40799
2015-02-09,1.29213,1.29777,1.29074,1.29624,39015
2015-02-10,1.29688,1.29692,1.29574,1.29583,1319
2015-02-11,1.29584,1.29678,1.29073,1.29371,32514
2015-02-12,1.2937,1.29936,1.2921,1.29566,38836
2015-02-13,1.29564,1.298,1.28329,1.28476,42404
2015-02-15,1.28477,1.29292,1.28474,1.2919,38353
2015-02-16,1.29189,1.29275,1.2827,1.28273,42060
2015-02-17,1.28312,1.2843,1.28252,1.28385,1428
2015-02-18,1.28384,1.28665,1.28148,1.28488,32716
2015-02-19,1.28489,1.28998,1.28382,1.28476,35868
2015-02-20,1.28477,1.28624,1.27726,1.27755,36137
2015-02-22,1.27756,1.2782,1.26952,1.27538,42899
2015-02-23,1.27536,1.27586,1.26756,1.26823,34573
2015-02-24,1.26814,1.26823,1.26651,1.26742,2079
2015-02-25,1.2674,1.27135,1.26625,1.26887,37553
2015-02-26,1.26886,1.27009,1.25697,1.26266,44783
2015-02-27,1.26267,1.26371,1.25824,1.26203,46976
2015-03-01,1.26204,1.26975,1.26125,1.26668,50900
2015-03-02,1.26669,1.26677,1.24992,1.25159,39197
2015-03-03,1.25123,1.25143,1.25075,1.25113,846
2015-03-04,1.25114,1.26737,1.25109,1.26422,33579
2015-03-05,1.2642,1.26819,1.25831,1.26635,43920
2015-03-06,1.26634,1.27535,1.26214,1.27394,45040
2015-03-08,1.27393,1.279,1.26625,1.26868,47191
2015-03-09,1.26872,1.27146,1.26043,1.26283,37890
2015-03-10,1.26274,1.26463,1.26191,1.26383,2358
2015-03-11,1.26384,1.27671,1.26324,1.27205,39572
2015-03-12,1.27206,1.27301,1.26301,1.264,42253
2015-03-13,1.26401,1.28852,1.26236,1.28189,54245
2015-03-15,1.28188,1.28434,1.27045,1.28029,53334
2015-03-16,1.2803,1.28354,1.27429,1.27594,34710
2015-03-17,1.2753,1.27596,1.27354,1.27458,1936
2015-03-18,1.2746,1.28153,1.27299,1.27929,32022
2015-03-19,1.2793,1.28387,1.27052,1.27121,37669
2015-03-20,1.2712,1.27381,1.26361,1.26401,33607
2015-03-22,1.26407,1.2675,1.26125,1.26482,32003
2015-03-23,1.26481,1.26942,1.26336,1.26685,28464
2015-03-24,1.26761,1.26847,1.26708,1.26747,1064
2015-03-25,1.26749,1.2722,1.26642,1.27011,28909
2015-03-26,1.2701,1.27632,1.26834,1.27359,30754
2015-03-27,1.27364,1.27688,1.26253,1.26304,32115
2015-03-29,1.26305,1.26317,1.2546,1.26076,39393
2015-03-30,1.26075,1.26076,1.24846,1.25231,44783
2015-03-31,1.25074,1.25127,1.25001,1.25008,1320
2015-04-01,1.25007,1.25103,1.24383,1.2491,41467
2015-04-02,1.24909,1.25751,1.24889,1.25505,37795
2015-04-03,1.25507,1.25658,1.24562,1.24759,44206
2015-04-05,1.24761,1.25318,1.23634,1.23789,47664
2015-04-06,1.23788,1.24681,1.23574,1.2453,43815
2015-04-07,1.2467,1.24791,1.24588,1.24591,1611
2015-04-08,1.24589,1.25075,1.24172,1.24246,37661
2015-04-09,1.24251,1.24975,1.23931,1.24744,39774
2015-04-10,1.24745,1.24961,1.2418,1.24286,47939
2015-04-12,1.24287,1.24901,1.24264,1.24717,37925
2015-04-13,1.2472,1.25447,1.2397,1.25236,43259
2015-04-14,1.25257,1.25303,1.25128,1.25202,969
2015-04-15,1.25201,1.25761,1.24421,1.24489,39843
2015-04-16,1.24496,1.25436,1.24478,1.25309,36589
2015-04-17,1.25307,1.25983,1.25108,1.25384,40302
2015-04-19,1.25389,1.25735,1.25033,1.25419,43975
2015-04-20,1.25418,1.25666,1.23737,1.23866,44295
2015-04-21,1.23636,1.23736,1.2363,1.23721,215
2015-04-22,1.2382,1.24433,1.23712,1.24325,33940
2015-04-23,1.24326,1.24853,1.2401,1.24783,36352
2015-04-24,1.24784,1.25301,1.24423,1.25031,35675
2015-04-26,1.25033,1.25218,1.24547,1.2458,24386
2015-04-27,1.24581,1.24885,1.24254,1.24509,32129
2015-04-28,1.24472,1.24517,1.24305,1.24354,1052
2015-04-29,1.24356,1.25049,1.24182,1.24689,38645
2015-04-30,1.24686,1.24749,1.23757,1.23866,34397
2015-05-01,1.23865,1.23893,1.23001,1.23125,38917
2015-05-03,1.23123,1.24532,1.22801,1.23845,43032
2015-05-04,1.23844,1.23916,1.22695,1.22807,37957
2015-05-05,1.2282,1.23012,1.22805,1.22922,1561
2015-05-06,1.22919,1.23418,1.22459,1.23139,38183
2015-05-07,1.23136,1.24462,1.22909,1.23864,46602
2015-05-08,1.23863,1.24854,1.2361,1.24792,44668
2015-05-10,1.2479,1.24935,1.23689,1.23917,47727
2015-05-11,1.23918,1.24837,1.23828,1.24606,39015
2015-05-12,1.24708,1.24745,1.24555,1.24623,1349
2015-05-13,1.24622,1.24771,1.24135,1.2439,39523
2015-05-14,1.24389,1.25683,1.2434,1.25096,45060
2015-05-15,1.25095,1.25143,1.23196,1.23353,44908
2015-05-17,1.23352,1.2351,1.22648,1.22876,41732
2015-05-18,1.22867,1.23004,1.22191,1.2227,35483
2015-05-19,1.22229,1.22251,1.22187,1.22233,707
2015-05-20,1.22231,1.22709,1.22155,1.22222,24840
2015-05-21,1.22221,1.22441,1.21632,1.21743,26106
2015-05-22,1.21741,1.22185,1.21683,1.21904,16115
2015-05-24,1.22112,1.22204,1.21676,1.21788,11498
2015-05-25,1.21804,1.21805,1.21659,1.21671,1229
2015-05-26,1.21673,1.22196,1.21415,1.21521,23331
2015-05-27,1.21522,1.21862,1.21225,1.21599,28576
2015-05-28,1.21595,1.21685,1.20961,1.21038,18340
2015-05-29,1.20997,1.21028,1.20772,1.2086,1610
2015-05-31,1.20861,1.20878,1.19994,1.19999,31849
2015-06-01,1.19249,1.19527,1.19022,1.19458,2895
2015-06-02,1.19462,1.1975,1.18859,1.19362,42619
2015-06-03,1.19361,1.19674,1.18488,1.1871,45131
2015-06-04,1.18715,1.1895,1.18006,1.18323,44549
2015-06-05,1.18322,1.18461,1.17529,1.17906,38113
2015-06-07,1.17907,1.18442,1.17619,1.18411,40895
2015-06-08,1.18495,1.18686,1.1845,1.18685,1834
2015-06-09,1.18681,1.18695,1.17849,1.18304,36402
2015-06-10,1.18308,1.18583,1.17522,1.17758,42619
2015-06-11,1.17757,1.18446,1.1726,1.17829,46708
2015-06-12,1.17828,1.17896,1.15665,1.16348,57815
2015-06-14,1.16349,1.16474,1.14589,1.15673,55208
2015-06-15,1.1555,1.15725,1.15534,1.15598,1239
2015-06-16,1.156,1.16376,1.155,1.15938,37674
2015-06-17,1.15939,1.16135,1.15393,1.15443,38596
2015-06-18,1.15442,1.1679,1.15403,1.1613,42172
2015-06-19,1.16129,1.16503,1.13148,1.13453,48825
2015-06-21,1.13454,1.13721,1.11136,1.12022,53156
2015-06-22,1.11552,1.1156,1.10965,1.11407,2887
2015-06-23,1.11406,1.12942,1.11369,1.12485,45561
2015-06-24,1.12487,1.14215,1.12221,1.13668,45095
2015-06-25,1.13661,1.13808,1.12712,1.12823,46863
2015-06-26,1.1282,1.13654,1.12603,1.13328,42093
2015-06-28,1.13325,1.13622,1.12779,1.12986,38251
2015-06-29,1.13094,1.13178,1.12995,1.13064,1959
2015-06-30,1.13063,1.13599,1.12911,1.13379,34647
2015-07-01,1.13378,1.15326,1.13115,1.1455,42053
2015-07-02,1.14551,1.14833,1.13021,1.1315,40703
2015-07-03,1.13151,1.14972,1.13145,1.14694,39536
2015-07-05,1.14693,1.14725,1.13106,1.13127,34142
2015-07-06,1.12978,1.13239,1.12978,1.13119,1090
2015-07-07,1.13117,1.13582,1.1269,1.13226,33850
2015-07-08,1.13227,1.1344,1.12718,1.1317,35696
2015-07-09,1.13169,1.1351,1.12787,1.13098,35321
2015-07-10,1.13097,1.14218,1.13027,1.14021,37349
2015-07-12,1.14022,1.14417,1.1379,1.13885,34340
2015-07-13,1.13975,1.14004,1.13878,1.13962,1580
2015-07-14,1.13959,1.14273,1.13186,1.13312,27404
2015-07-15,1.13313,1.14474,1.1321,1.14027,37569
2015-07-16,1.14021,1.14145,1.13326,1.1398,33687
2015-07-17,1.13981,1.14484,1.13551,1.13641,33531
2015-07-19,1.13642,1.14282,1.12778,1.13768,42159
2015-07-20,1.13913,1.1392,1.13765,1.13791,1096
2015-07-21,1.13785,1.13918,1.1294,1.1332,31039
2015-07-22,1.13321,1.13565,1.1287,1.1338,36465
2015-07-23,1.13381,1.13854,1.13346,1.13628,35345
2015-07-24,1.13629,1.1376,1.11822,1.12013,38669
2015-07-26,1.12014,1.12435,1.11745,1.11943,41376
2015-07-27,1.11809,1.11834,1.11587,1.11593,1604
2015-07-28,1.11591,1.1239,1.11591,1.11753,32465
2015-07-29,1.11754,1.12159,1.1153,1.11814,36429
2015-07-30,1.11812,1.11839,1.10603,1.10779,38590
2015-07-31,1.1078,1.11133,1.09861,1.103,43341
2015-08-02,1.10301,1.10308,1.08382,1.08414,43008
2015-08-03,1.083,1.08447,1.08221,1.0843,1134
2015-08-04,1.08429,1.09049,1.08282,1.08331,37323
2015-08-05,1.08335,1.08353,1.06664,1.07053,53243
2015-08-06,1.07051,1.07152,1.05095,1.05465,55374
2015-08-07,1.05467,1.06825,1.04929,1.06253,58508
2015-08-09,1.06255,1.06334,1.04612,1.0495,47391
2015-08-10,1.04878,1.05042,1.0478,1.04824,1751
2015-08-11,1.04822,1.06178,1.0482,1.05701,46336
2015-08-12,1.057,1.06492,1.05502,1.05937,44790
2015-08-13,1.05935,1.10426,1.05788,1.08473,56425
2015-08-14,1.08474,1.09182,1.0612,1.06673,65945
2015-08-16,1.06677,1.08806,1.0654,1.08194,51280
2015-08-17,1.0858,1.08603,1.08143,1.08235,2033
2015-08-18,1.08239,1.09698,1.07663,1.09429,58031
2015-08-19,1.09431,1.10279,1.08891,1.09036,54142
2015-08-20,1.09035,1.10132,1.0903,1.09615,48993
2015-08-21,1.09616,1.1051,1.08552,1.0883,54800
2015-08-23,1.08835,1.09471,1.08,1.08871,51939
2015-08-24,1.08852,1.08935,1.08792,1.08815,1651
2015-08-25,1.08817,1.08826,1.08088,1.08278,44568
2015-08-26,1.08272,1.08442,1.07123,1.07386,47982
2015-08-27,1.07388,1.07986,1.07176,1.07683,47627
2015-08-28,1.07679,1.09036,1.07492,1.08686,45358
2015-08-30,1.08683,1.10256,1.08627,1.09692,24681
2015-08-31,1.09932,1.10166,1.09864,1.09935,2606
2015-09-01,1.09937,1.10344,1.09085,1.09321,28042
2015-09-02,1.09327,1.09533,1.08021,1.08203,48238
2015-09-03,1.08204,1.08858,1.07623,1.07835,49663
2015-09-04,1.07832,1.07876,1.06366,1.06652,48313
2015-09-06,1.06651,1.06821,1.05667,1.06013,46341
2015-09-07,1.05893,1.06161,1.0587,1.06048,1252
2015-09-08,1.06055,1.06179,1.0519,1.0571,51189
2015-09-09,1.05708,1.07055,1.05305,1.06455,53026
2015-09-10,1.0645,1.07005,1.057,1.06747,57578
2015-09-11,1.06746,1.08167,1.06233,1.07565,65302
2015-09-13,1.07566,1.08474,1.07341,1.0804,55270
2015-09-14,1.08178,1.08195,1.07878,1.08068,1821
2015-09-15,1.08069,1.08169,1.07111,1.0747,47929
2015-09-16,1.07468,1.078,1.06588,1.07373,45471
2015-09-17,1.07372,1.07991,1.07073,1.07233,48074
2015-09-18,1.07235,1.0844,1.06648,1.08128,52663
2015-09-20,1.08127,1.08982,1.07834,1.08715,49692
2015-09-21,1.08643,1.08733,1.08581,1.08645,1058
2015-09-22,1.0865,1.09251,1.08184,1.08753,45803
2015-09-23,1.08751,1.09894,1.08602,1.09666,47220
2015-09-24,1.09667,1.11864,1.09583,1.11107,55177
2015-09-25,1.11108,1.12648,1.10701,1.12101,59935
2015-09-27,1.12105,1.12888,1.11735,1.11939,42549
2015-09-28,1.11941,1.11997,1.11811,1.1187,1706
2015-09-29,1.11869,1.1223,1.11215,1.11475,40403
2015-09-30,1.11474,1.12217,1.1065,1.11782,46966
2015-10-01,1.11783,1.13685,1.11736,1.13378,55216
2015-10-02,1.13379,1.13903,1.12269,1.12434,59294
2015-10-04,1.12431,1.12875,1.11787,1.12053,55274
2015-10-05,1.11982,1.12053,1.11905,1.11944,819
2015-10-06,1.1194,1.12011,1.11297,1.11442,45418
2015-10-07,1.11443,1.12774,1.1133,1.12173,46697
2015-10-08,1.12172,1.13809,1.12012,1.13455,49808
2015-10-09,1.13454,1.14432,1.13393,1.14008,50119
2015-10-11,1.14007,1.14648,1.13226,1.14459,46983
2015-10-12,1.14466,1.14483,1.14369,1.14427,1152
2015-10-13,1.14425,1.14455,1.12973,1.13229,43814
2015-10-14,1.13228,1.13245,1.11177,1.11411,48875
2015-10-15,1.1141,1.11508,1.10609,1.10999,54638
2015-10-16,1.11001,1.118,1.10787,1.11077,49230
2015-10-18,1.1108,1.12072,1.10008,1.10089,45847
2015-10-19,1.10034,1.10082,1.0964,1.09899,2506
2015-10-20,1.09898,1.10053,1.09577,1.09671,23174
2015-10-21,1.09672,1.09693,1.08621,1.08853,51246
2015-10-22,1.08852,1.09278,1.0818,1.08963,49085
2015-10-23,1.0896,1.09728,1.08656,1.09612,54955
2015-10-25,1.09614,1.10046,1.09247,1.09899,45132
2015-10-26,1.09857,1.09864,1.09508,1.09559,1492
2015-10-27,1.09558,1.09775,1.08857,1.09206,49188
2015-10-28,1.09204,1.11925,1.09147,1.11469,54246
2015-10-29,1.11462,1.12837,1.10781,1.12596,52754
2015-10-30,1.12594,1.13782,1.11787,1.12059,54839
2015-11-01,1.12053,1.12784,1.10483,1.11134,49841
2015-11-02,1.1097,1.11098,1.10941,1.1101,1004
2015-11-03,1.11008,1.13054,1.10829,1.1279,48907
2015-11-04,1.12789,1.13442,1.12127,1.12913,52838
2015-11-05,1.12911,1.13842,1.12624,1.13086,58634
2015-11-06,1.13084,1.13301,1.11812,1.12443,47445
2015-11-08,1.12444,1.12953,1.115,1.12675,48775
2015-11-09,1.12107,1.12305,1.12095,1.12229,1865
2015-11-10,1.12228,1.12929,1.11879,1.12738,42667
2015-11-11,1.12731,1.13283,1.12036,1.12401,40799
2015-11-12,1.12399,1.13687,1.12117,1.13618,44746
2015-11-13,1.13613,1.14348,1.1337,1.13702,48769
2015-11-15,1.13701,1.1386,1.12948,1.13468,38986
2015-11-16,1.1367,1.13723,1.13563,1.13599,1119
2015-11-17,1.136,1.14088,1.13137,1.13446,39761
2015-11-18,1.13438,1.13447,1.11337,1.11732,49727
2015-11-19,1.1173,1.12334,1.11585,1.12044,46939
2015-11-20,1.12043,1.12263,1.11525,1.12012,38871
2015-11-22,1.12013,1.12184,1.11286,1.11656,37372
2015-11-23,1.10045,1.1007,1.09535,1.09732,6140
2015-11-24,1.09733,1.12768,1.09733,1.12176,58784
2015-11-25,1.12168,1.12423,1.1111,1.1132,50311
2015-11-26,1.11318,1.11696,1.10309,1.10354,40574
2015-11-27,1.10357,1.11197,1.10352,1.10844,35593
2015-11-29,1.10843,1.11164,1.10642,1.11118,28775
2015-11-30,1.09901,1.10378,1.09681,1.09933,4298
2015-12-01,1.09934,1.1094,1.09926,1.10459,41802
2015-12-02,1.10461,1.10502,1.09149,1.1006,49464
2015-12-03,1.10061,1.10915,1.09728,1.10697,48166
2015-12-04,1.10695,1.11238,1.09902,1.10593,43664
2015-12-06,1.10594,1.12147,1.10535,1.11611,44970
2015-12-07,1.10926,1.11432,1.1092,1.11281,2900
2015-12-08,1.1128,1.11955,1.09798,1.09813,45212
2015-12-09,1.09812,1.10819,1.09643,1.10053,45080
2015-12-10,1.10049,1.10342,1.09285,1.09365,46129
2015-12-11,1.09366,1.09471,1.08541,1.08821,45061
2015-12-13,1.0882,1.09055,1.08261,1.0828,37146
2015-12-14,1.0831,1.0841,1.08268,1.08286,1300
2015-12-15,1.08285,1.08687,1.08072,1.08322,38151
2015-12-16,1.0832,1.0967,1.08103,1.09351,46049
2015-12-17,1.09346,1.09653,1.08679,1.09228,40578
2015-12-18,1.09232,1.10166,1.09204,1.09857,41180
2015-12-20,1.09859,1.09944,1.09239,1.09825,34411
2015-12-21,1.09801,1.09821,1.09676,1.09707,954
2015-12-22,1.09708,1.11275,1.09696,1.10871,45718
2015-12-23,1.10865,1.10981,1.10208,1.10636,40224
2015-12-24,1.10635,1.10826,1.09657,1.098,42294
2015-12-27,1.09802,1.09833,1.08921,1.09392,41989
2015-12-28,1.09391,1.11123,1.09197,1.09827,45349
2015-12-29,1.09733,1.09826,1.09654,1.09662,1354
2015-12-30,1.09663,1.09945,1.09399,1.09489,37178
2015-12-31,1.09492,1.09862,1.08778,1.08836,41075
2016-01-03,1.08834,1.09345,1.08469,1.09016,40969
2016-01-04,1.09013,1.09425,1.08722,1.09208,37561
2016-01-05,1.09209,1.0977,1.08541,1.0965,35836
2016-01-06,1.0964,1.09661,1.09568,1.09568,756
2016-01-07,1.09569,1.10402,1.09239,1.10142,35932
2016-01-08,1.1014,1.1087,1.09593,1.10405,46561
2016-01-10,1.10404,1.12119,1.1023,1.11535,51909
2016-01-11,1.11536,1.11877,1.10787,1.11568,41089
2016-01-12,1.11569,1.11872,1.10964,1.11078,38024
2016-01-13,1.11175,1.11216,1.109,1.10927,1303
2016-01-14,1.10926,1.11234,1.10574,1.10742,36854
2016-01-15,1.10743,1.10923,1.10157,1.10286,35120
2016-01-17,1.10285,1.11327,1.10164,1.1117,42861
2016-01-18,1.11174,1.12434,1.11057,1.12337,47716
2016-01-19,1.12336,1.13893,1.12288,1.13846,55306
2016-01-20,1.1374,1.13938,1.13685,1.13751,2261
2016-01-21,1.13752,1.17122,1.13682,1.15792,84402
2016-01-22,1.15794,1.15834,1.13966,1.15522,79020
2016-01-24,1.15523,1.15599,1.12903,1.13371,74045
2016-01-25,1.13372,1.13629,1.12018,1.12418,58032
2016-01-26,1.12417,1.13085,1.11544,1.11897,48448
2016-01-27,1.11723,1.12139,1.11693,1.12103,2597
2016-01-28,1.12099,1.12613,1.11791,1.12227,41461
2016-01-29,1.12228,1.13305,1.12219,1.12923,61057
2016-01-31,1.12922,1.1299,1.121,1.12106,52331
2016-02-01,1.12109,1.1242,1.10861,1.11227,47475
2016-02-02,1.11228,1.11894,1.1089,1.11478,47284
2016-02-03,1.1162,1.11637,1.11412,1.11527,1410
2016-02-04,1.11522,1.11764,1.11201,1.1158,35005
2016-02-05,1.11581,1.12282,1.11513,1.12052,46195
2016-02-07,1.12054,1.1223,1.11305,1.12167,49801
2016-02-08,1.12166,1.13003,1.11706,1.12812,54212
2016-02-09,1.12811,1.13482,1.12529,1.13422,41721
2016-02-10,1.13302,1.1358,1.13278,1.13408,1633
2016-02-11,1.13407,1.13715,1.12823,1.13068,39384
2016-02-12,1.13069,1.13274,1.12576,1.12687,42837
2016-02-14,1.12688,1.13192,1.12127,1.12895,39986
2016-02-15,1.12896,1.14399,1.12833,1.1401,49146
2016-02-16,1.14008,1.14587,1.12683,1.12979,40796
2016-02-17,1.1285,1.12958,1.12808,1.12894,1881
2016-02-18,1.12893,1.13287,1.11797,1.11868,44736
2016-02-19,1.11867,1.12061,1.11119,1.11191,45387
2016-02-21,1.11189,1.12115,1.11038,1.11863,45253
2016-02-22,1.1186,1.12945,1.11585,1.11785,55258
2016-02-23,1.11784,1.12115,1.11148,1.11929,48285
2016-02-24,1.11852,1.11996,1.1185,1.1198,1296
2016-02-25,1.11974,1.12464,1.11453,1.12279,48108
2016-02-26,1.12284,1.128,1.11927,1.12518,52545
2016-02-28,1.12519,1.12601,1.1156,1.1169,46363
2016-02-29,1.11691,1.12077,1.11337,1.11906,43980
2016-03-01,1.11907,1.13169,1.11491,1.12089,48540
2016-03-02,1.12191,1.12234,1.1208,1.12178,2896
2016-03-03,1.12177,1.12878,1.11721,1.11938,45168
2016-03-04,1.11941,1.12782,1.11707,1.12662,43547
2016-03-06,1.12667,1.12829,1.12101,1.12365,45393
2016-03-07,1.12364,1.13262,1.12364,1.1283,43762
2016-03-08,1.12832,1.13857,1.12657,1.13567,43632
2016-03-09,1.13611,1.1368,1.13532,1.13661,4060
2016-03-10,1.13662,1.13954,1.13505,1.13505,27513
2016-03-11,1.13506,1.14097,1.1343,1.1382,38284
2016-03-13,1.13819,1.14878,1.13818,1.14724,43104
2016-03-14,1.14721,1.14936,1.13617,1.1365,47668
2016-03-15,1.13649,1.13936,1.13328,1.13498,37043
2016-03-16,1.13575,1.13602,1.135,1.13565,4975
2016-03-17,1.13559,1.13778,1.13045,1.13271,35152
2016-03-18,1.13272,1.13855,1.13227,1.13532,32875
2016-03-20,1.13531,1.1376,1.13327,1.13447,34118
2016-03-21,1.13446,1.13496,1.10705,1.10804,48637
2016-03-22,1.10806,1.11383,1.09952,1.10163,50855
2016-03-23,1.10012,1.10231,1.10009,1.10172,1903
2016-03-24,1.10171,1.10669,1.10025,1.10576,40125
2016-03-25,1.10577,1.1077,1.10289,1.1031,35626
2016-03-27,1.10311,1.10939,1.08963,1.09224,47934
2016-03-28,1.09223,1.09962,1.09018,1.09877,48724
2016-03-29,1.09874,1.10697,1.09642,1.10045,53769
2016-03-30,1.10337,1.10365,1.10172,1.10215,2125
2016-03-31,1.10214,1.10513,1.09988,1.10131,37038
2016-04-01,1.10133,1.10286,1.09351,1.09605,41708
2016-04-03,1.09604,1.09644,1.08428,1.08625,46024
2016-04-04,1.08624,1.08961,1.08328,1.08822,45596
2016-04-05,1.08821,1.08923,1.07043,1.07379,43589
2016-04-06,1.07265,1.07352,1.07183,1.07279,976
2016-04-07,1.07278,1.07885,1.07254,1.07586,29033
2016-04-08,1.07587,1.07625,1.06732,1.07351,44618
2016-04-10,1.07352,1.07723,1.07042,1.07621,41379
2016-04-11,1.07617,1.08285,1.06899,1.0807,57040
2016-04-12,1.08072,1.08083,1.07135,1.07611,45960
2016-04-13,1.07407,1.07414,1.06856,1.06989,3343
2016-04-14,1.0699,1.07566,1.06731,1.06858,44140
2016-04-15,1.06859,1.06893,1.06294,1.06417,38375
2016-04-17,1.06416,1.06909,1.06159,1.06698,32761
2016-04-18,1.06699,1.07615,1.06657,1.07246,53089
2016-04-19,1.07245,1.07269,1.06388,1.06414,44585
2016-04-20,1.06386,1.06449,1.06342,1.06361,1793
2016-04-21,1.0636,1.06553,1.05916,1.06351,45116
2016-04-22,1.0635,1.06718,1.06185,1.06414,47045
2016-04-24,1.06413,1.06879,1.05649,1.06215,55394
2016-04-25,1.06213,1.06259,1.05986,1.0605,31154
2016-04-26,1.06049,1.06365,1.05672,1.05909,34996
2016-04-27,1.05869,1.05928,1.05803,1.05817,1398
2016-04-28,1.05818,1.05935,1.05564,1.05683,40301
2016-04-29,1.05681,1.06357,1.05618,1.06248,47741
2016-05-01,1.06249,1.06308,1.05494,1.06091,49330
2016-05-02,1.0609,1.0979,1.05382,1.09163,65809
2016-05-03,1.09165,1.09548,1.08347,1.08746,65691
2016-05-04,1.08702,1.0886,1.08675,1.08798,1537
2016-05-05,1.08797,1.08798,1.07946,1.08321,43443
2016-05-06,1.08324,1.09011,1.08288,1.08911,47680
2016-05-08,1.08913,1.10412,1.0878,1.10135,57993
2016-05-09,1.10136,1.10201,1.0924,1.09453,50998
2016-05-10,1.09454,1.10291,1.09252,1.09938,53753
2016-05-11,1.09853,1.09922,1.09662,1.09793,2111
2016-05-12,1.09794,1.10472,1.0944,1.099,57127
2016-05-13,1.09898,1.10582,1.09033,1.09326,52510
2016-05-15,1.09325,1.10102,1.08647,1.0872,60804
2016-05-16,1.08722,1.0886,1.08011,1.08413,49897
2016-05-17,1.08414,1.08732,1.08035,1.0864,53540
2016-05-18,1.08545,1.08738,1.08478,1.0868,1559
2016-05-19,1.08684,1.09375,1.08466,1.09096,43260
2016-05-20,1.09097,1.09826,1.09008,1.09474,41020
2016-05-22,1.09473,1.09515,1.08687,1.09069,33632
2016-05-23,1.0907,1.09658,1.09069,1.0949,17583
2016-05-24,1.09533,1.09687,1.09495,1.09627,1036
2016-05-25,1.09636,1.0991,1.09547,1.0973,26693
2016-05-26,1.09733,1.09903,1.08978,1.09245,30243
2016-05-27,1.09247,1.09424,1.09004,1.09338,30532
2016-05-29,1.09337,1.09356,1.08516,1.08711,24868
2016-05-30,1.08698,1.08741,1.0844,1.08504,1291
2016-05-31,1.08505,1.09448,1.07803,1.08225,52914
2016-06-01,1.08224,1.08368,1.07092,1.0749,44468
2016-06-02,1.07492,1.0798,1.07145,1.07753,50654
2016-06-03,1.07754,1.09388,1.07698,1.09243,59646
2016-06-05,1.09244,1.09291,1.08018,1.09253,59249
2016-06-06,1.09181,1.09685,1.09167,1.0936,2952
2016-06-07,1.09361,1.0944,1.08465,1.0855,47839
2016-06-08,1.08548,1.08987,1.08183,1.08418,51752
2016-06-09,1.08417,1.08873,1.08035,1.08841,56849
2016-06-10,1.08842,1.09418,1.08338,1.08556,60835
2016-06-12,1.08558,1.0983,1.0855,1.09115,64298
2016-06-13,1.0922,1.09265,1.09068,1.0917,2522
2016-06-14,1.09166,1.09225,1.08676,1.08912,38149
2016-06-15,1.0891,1.09369,1.08581,1.09094,51160
2016-06-16,1.09098,1.09745,1.0872,1.08733,62719
2016-06-17,1.08734,1.09204,1.07767,1.08566,68456
2016-06-19,1.08567,1.08614,1.07879,1.07932,51927
2016-06-20,1.07914,1.07963,1.07884,1.07952,1401
2016-06-21,1.07957,1.08554,1.07883,1.0851,43792
2016-06-22,1.08511,1.08729,1.08175,1.08604,41154
2016-06-23,1.08606,1.09149,1.08493,1.09007,50365
2016-06-24,1.09008,1.09663,1.08683,1.09341,48633
2016-06-26,1.0934,1.09469,1.08085,1.08309,60278
2016-06-27,1.08306,1.08316,1.08133,1.08241,1499
2016-06-28,1.08242,1.09114,1.08229,1.08944,41344
2016-06-29,1.08943,1.09382,1.08911,1.09173,43539
2016-06-30,1.0917,1.11442,1.09022,1.10914,63381
2016-07-01,1.10915,1.12328,1.10688,1.11981,67513
2016-07-03,1.1198,1.12186,1.11075,1.11548,57313
2016-07-04,1.1141,1.11473,1.11407,1.11425,1338
2016-07-05,1.11423,1.12144,1.10852,1.11874,58847
2016-07-06,1.11877,1.13364,1.11611,1.12867,74839
2016-07-07,1.12866,1.13101,1.11593,1.12828,75703
2016-07-08,1.12827,1.13748,1.12727,1.13147,78787
2016-07-10,1.13146,1.13323,1.12127,1.12482,64824
2016-07-11,1.1233,1.12439,1.12144,1.12227,2236
2016-07-12,1.12221,1.12377,1.11266,1.11754,45014
2016-07-13,1.11748,1.11917,1.11229,1.11416,54588
2016-07-14,1.11417,1.11777,1.11045,1.11189,55909
2016-07-15,1.11193,1.11483,1.10696,1.11062,51873
2016-07-17,1.1106,1.11378,1.10654,1.11302,49749
2016-07-18,1.11119,1.11231,1.11104,1.11209,3605
2016-07-19,1.11206,1.11224,1.10018,1.10238,46212
2016-07-20,1.10242,1.10513,1.09888,1.1022,52904
2016-07-21,1.10219,1.10451,1.09561,1.10129,58256
2016-07-22,1.10128,1.10484,1.09855,1.10217,53021
2016-07-24,1.10218,1.1067,1.09104,1.09279,49325
2016-07-25,1.09147,1.09271,1.09103,1.09232,2518
2016-07-26,1.09231,1.09612,1.08579,1.08842,49370
2016-07-27,1.0884,1.08921,1.08328,1.08746,49891
2016-07-28,1.08749,1.08798,1.08242,1.0868,46911
2016-07-29,1.08677,1.09712,1.08521,1.09442,45625
2016-07-31,1.09447,1.10419,1.09019,1.10041,47094
2016-08-01,1.09888,1.09959,1.09868,1.09899,1579
2016-08-02,1.09901,1.10244,1.09386,1.10112,39953
2016-08-03,1.1011,1.10563,1.09922,1.09982,47754
2016-08-04,1.09991,1.10335,1.09446,1.09844,44720
2016-08-05,1.09845,1.12164,1.08205,1.11755,64445
2016-08-07,1.1175,1.12084,1.1079,1.115,50923
2016-08-08,1.11449,1.1175,1.11447,1.11639,2069
2016-08-09,1.11641,1.11653,1.10766,1.10987,41022
2016-08-10,1.10988,1.11235,1.10704,1.11057,39751
2016-08-11,1.11058,1.12409,1.10565,1.12149,48373
2016-08-12,1.12146,1.1341,1.12043,1.1314,55258
2016-08-14,1.13139,1.13355,1.12547,1.1274,41601
2016-08-15,1.12682,1.12784,1.12665,1.12734,1765
2016-08-16,1.12732,1.12834,1.12317,1.12337,35652
2016-08-17,1.12336,1.12586,1.11871,1.12198,41006
2016-08-18,1.12194,1.12195,1.11581,1.11767,34289
2016-08-19,1.11765,1.11862,1.11432,1.11634,34386
2016-08-21,1.11636,1.11749,1.11526,1.11662,14809
2016-08-22,1.1163,1.11662,1.11548,1.11557,1218
2016-08-23,1.11558,1.12185,1.11523,1.11993,21190
2016-08-24,1.11994,1.13018,1.11676,1.12879,43391
2016-08-25,1.1288,1.13637,1.1285,1.13316,45725
2016-08-26,1.13314,1.14102,1.13088,1.13772,45273
2016-08-28,1.1377,1.14366,1.13334,1.13916,45071
2016-08-29,1.13981,1.13981,1.13868,1.13933,1491
2016-08-30,1.13936,1.14113,1.13561,1.13852,38790
2016-08-31,1.13846,1.14036,1.13346,1.13793,44437
2016-09-01,1.13794,1.14303,1.13255,1.13989,46605
2016-09-02,1.13988,1.14527,1.13363,1.13663,51726
2016-09-04,1.13654,1.1418,1.13478,1.13946,41186
2016-09-05,1.14113,1.14124,1.13995,1.14036,2311
2016-09-06,1.14028,1.1446,1.13711,1.14087,36145
2016-09-07,1.14088,1.14631,1.13445,1.13819,46565
2016-09-08,1.13817,1.13899,1.12669,1.12766,48670
2016-09-09,1.12767,1.12933,1.12324,1.12637,48081
2016-09-11,1.12638,1.13156,1.12446,1.1283,37958
2016-09-12,1.12996,1.13006,1.1288,1.12964,3151
2016-09-13,1.12965,1.13307,1.12724,1.13064,36075
2016-09-14,1.13065,1.13832,1.13021,1.13568,37970
2016-09-15,1.13571,1.13866,1.12891,1.13011,42393
2016-09-16,1.1301,1.13971,1.12681,1.12891,49933
2016-09-18,1.1289,1.13074,1.12169,1.12247,53517
2016-09-19,1.12183,1.1233,1.12183,1.12303,3600
2016-09-20,1.12302,1.12769,1.12218,1.12651,47375
2016-09-21,1.12649,1.13379,1.12547,1.12948,49786
2016-09-22,1.12949,1.1359,1.12708,1.13253,53830
2016-09-23,1.13254,1.13665,1.12945,1.13559,62125
2016-09-25,1.13558,1.1458,1.13547,1.14499,58919
2016-09-26,1.14597,1.14653,1.14517,1.14596,3674
2016-09-27,1.14592,1.15343,1.14469,1.1522,49337
2016-09-28,1.15218,1.16139,1.14913,1.14998,61090
2016-09-29,1.14999,1.15267,1.1465,1.14895,58591
2016-09-30,1.14891,1.14924,1.13843,1.13993,48756
2016-10-02,1.13991,1.14778,1.13853,1.14005,51311
2016-10-03,1.13968,1.13994,1.13827,1.13841,1749
2016-10-04,1.13837,1.14185,1.13739,1.13821,47608
2016-10-05,1.1382,1.14085,1.13574,1.1372,47296
2016-10-06,1.13718,1.14451,1.13711,1.14229,43740
2016-10-07,1.1422,1.14279,1.13691,1.13728,46614
2016-10-09,1.13725,1.13772,1.12816,1.1305,51139
2016-10-10,1.13119,1.13182,1.1301,1.1316,1805
2016-10-11,1.13157,1.1341,1.13019,1.13138,40132
2016-10-12,1.13139,1.13471,1.13007,1.13128,45541
2016-10-13,1.13129,1.13147,1.12127,1.12187,55295
2016-10-14,1.12188,1.12285,1.11786,1.12004,53361
2016-10-16,1.12006,1.12363,1.11951,1.12183,39415
2016-10-17,1.12113,1.12218,1.12113,1.12188,1436
2016-10-18,1.12191,1.12416,1.11862,1.12119,42288
2016-10-19,1.12116,1.12255,1.11311,1.1134,47367
2016-10-20,1.11339,1.11656,1.11275,1.11538,45156
2016-10-21,1.11536,1.12153,1.11528,1.11902,46250
2016-10-23,1.11904,1.11993,1.11095,1.1111,42796
2016-10-24,1.11129,1.11141,1.11054,1.11067,2935
2016-10-25,1.11066,1.11481,1.10966,1.11461,28807
2016-10-26,1.11469,1.1172,1.11209,1.11325,50017
2016-10-27,1.11324,1.11927,1.11128,1.11861,53587
2016-10-28,1.1186,1.12186,1.1144,1.11503,50567
2016-10-30,1.11502,1.1373,1.11355,1.1371,54193
2016-10-31,1.13575,1.13721,1.13436,1.13501,3633
2016-11-01,1.13496,1.13915,1.13253,1.13615,52788
2016-11-02,1.13612,1.13788,1.13373,1.13545,44610
2016-11-03,1.13546,1.14091,1.13531,1.14013,46677
2016-11-04,1.14011,1.14142,1.13041,1.13088,49313
2016-11-06,1.1309,1.13199,1.1244,1.12518,48530
2016-11-07,1.12489,1.12521,1.12324,1.12371,2980
2016-11-08,1.1237,1.13018,1.12306,1.12865,54160
2016-11-09,1.12866,1.1297,1.11874,1.12092,52293
2016-11-10,1.12091,1.12963,1.11885,1.12596,54050
2016-11-11,1.12598,1.12936,1.11296,1.12673,67509
2016-11-13,1.12705,1.12949,1.12216,1.12755,44733
2016-11-14,1.13332,1.13568,1.13077,1.13457,3344
2016-11-15,1.13453,1.13811,1.13008,1.13201,46165
2016-11-16,1.13203,1.13482,1.12392,1.12483,41902
2016-11-17,1.12482,1.13467,1.12352,1.13245,43974
2016-11-18,1.13246,1.14269,1.12693,1.13322,56730
2016-11-20,1.13318,1.13361,1.09109,1.11057,93288
2016-11-21,1.10202,1.10734,1.10137,1.10385,5602
2016-11-22,1.10388,1.10821,1.09693,1.10124,66424
2016-11-23,1.10123,1.11104,1.10117,1.10741,50730
2016-11-24,1.10742,1.1129,1.10481,1.11208,50089
2016-11-25,1.11209,1.11531,1.1023,1.11015,56415
2016-11-27,1.11014,1.11678,1.10708,1.11394,42009
2016-11-28,1.11351,1.11365,1.11244,1.11263,1990
2016-11-29,1.11257,1.11582,1.10966,1.11431,26859
2016-11-30,1.11435,1.1184,1.1057,1.10619,41505
2016-12-01,1.10625,1.11103,1.10283,1.10956,50908
2016-12-02,1.10955,1.11059,1.10512,1.10624,42582
2016-12-04,1.1062,1.11186,1.10009,1.10533,37892
2016-12-05,1.10503,1.10523,1.10403,1.10427,3721
2016-12-06,1.10428,1.10731,1.10142,1.10556,38844
2016-12-07,1.10557,1.11247,1.10508,1.10583,45352
2016-12-08,1.10581,1.11185,1.10408,1.10937,43743
2016-12-09,1.10935,1.11634,1.10873,1.1105,47297
2016-12-11,1.11049,1.11475,1.10237,1.10361,43978
2016-12-12,1.10483,1.10591,1.10437,1.10548,4289
2016-12-13,1.10546,1.1083,1.10361,1.10669,38897
2016-12-14,1.10674,1.10791,1.09986,1.10123,40893
2016-12-15,1.10124,1.10281,1.098,1.1015,40993
2016-12-16,1.10151,1.10584,1.09778,1.10308,48740
2016-12-18,1.10307,1.10396,1.09541,1.09704,40530
2016-12-19,1.09738,1.0975,1.09622,1.09674,1768
2016-12-20,1.09678,1.09973,1.09507,1.09877,34816
2016-12-21,1.09875,1.10286,1.09769,1.09859,39891
2016-12-22,1.09858,1.1072,1.09607,1.10659,49364
2016-12-23,1.10662,1.11181,1.10581,1.1081,44786
2016-12-25,1.10814,1.11959,1.10719,1.11758,51155
2016-12-26,1.11726,1.11828,1.11647,1.1166,2295
2016-12-27,1.11659,1.118,1.11538,1.11653,35201
2016-12-28,1.11652,1.12323,1.1161,1.12165,43274
2016-12-29,1.12164,1.12178,1.11393,1.11489,36250
2016-12-30,1.11483,1.11549,1.11125,1.11334,38180
2017-01-02,1.11335,1.11599,1.10444,1.1084,31924
2017-01-03,1.10841,1.10911,1.10783,1.10855,1681
2017-01-04,1.10852,1.11037,1.10707,1.10835,27317
2017-01-05,1.10839,1.11212,1.10693,1.11162,30886
2017-01-06,1.11159,1.11902,1.11158,1.11839,37404
2017-01-08,1.1184,1.11888,1.11341,1.11368,31794
2017-01-09,1.11366,1.122,1.11299,1.1164,32251
2017-01-10,1.1168,1.11682,1.11559,1.1163,2092
2017-01-11,1.11632,1.12023,1.11523,1.11805,26625
2017-01-12,1.11801,1.1321,1.11762,1.12747,44355
2017-01-13,1.12751,1.13145,1.124,1.12977,41318
2017-01-15,1.12979,1.13649,1.12938,1.13461,47477
2017-01-16,1.13459,1.13475,1.13028,1.13234,37025
2017-01-17,1.1314,1.13206,1.12931,1.12965,2948
2017-01-18,1.12966,1.13292,1.12698,1.13153,36345
2017-01-19,1.13152,1.13538,1.12982,1.13005,35864
2017-01-20,1.13004,1.13102,1.12438,1.12597,37235
2017-01-22,1.12595,1.12961,1.12579,1.12851,29271
2017-01-23,1.12847,1.13396,1.11792,1.11919,42785
2017-01-24,1.1183,1.11994,1.11799,1.11961,2449
2017-01-25,1.11964,1.12065,1.11567,1.11889,35220
2017-01-26,1.1189,1.11894,1.11308,1.11486,35535
2017-01-27,1.11485,1.11642,1.11217,1.11552,39860
2017-01-29,1.11553,1.12038,1.11263,1.11976,39045
2017-01-30,1.11974,1.12508,1.1149,1.11554,40877
2017-01-31,1.1156,1.11579,1.11522,1.11569,1562
2017-02-01,1.11568,1.11811,1.11379,1.1149,24573
2017-02-02,1.11488,1.12618,1.11396,1.12444,39382
2017-02-03,1.12445,1.12703,1.12276,1.12362,35370
2017-02-05,1.12361,1.13258,1.12334,1.12667,44116
2017-02-06,1.12663,1.12837,1.11972,1.12302,38753
2017-02-07,1.12315,1.12394,1.12288,1.12387,2292
2017-02-08,1.12385,1.12665,1.12089,1.12395,46095
2017-02-09,1.12396,1.12585,1.12027,1.12176,44841
2017-02-10,1.12172,1.12727,1.12124,1.12438,39984
2017-02-12,1.12435,1.12826,1.12176,1.12457,43358
2017-02-13,1.12458,1.12466,1.11482,1.11545,38638
2017-02-14,1.11531,1.11594,1.11513,1.11563,2330
2017-02-15,1.11564,1.11964,1.11494,1.11756,32820
2017-02-16,1.11755,1.12119,1.11484,1.11516,37292
2017-02-17,1.11519,1.11953,1.11218,1.11878,51342
2017-02-19,1.11885,1.12559,1.11836,1.12066,40541
2017-02-20,1.12063,1.12392,1.11926,1.12273,35424
2017-02-21,1.12252,1.12398,1.12248,1.12362,2655
2017-02-22,1.12363,1.12774,1.12198,1.12487,34957
2017-02-23,1.12486,1.12575,1.11896,1.12157,40458
2017-02-24,1.12156,1.12355,1.11806,1.12221,39522
2017-02-26,1.12222,1.12485,1.11955,1.12175,43481
2017-02-27,1.12177,1.12492,1.1152,1.12367,49725
2017-02-28,1.12326,1.12427,1.12266,1.12314,3422
2017-03-01,1.12315,1.12402,1.12037,1.12082,31191
2017-03-02,1.12084,1.12375,1.11365,1.12078,45676
2017-03-03,1.12079,1.12319,1.11883,1.12046,39795
2017-03-05,1.12045,1.1209,1.11239,1.11406,42270
2017-03-06,1.1141,1.12035,1.1103,1.11987,56068
2017-03-07,1.11931,1.12021,1.11805,1.11931,6668
2017-03-08,1.1193,1.11988,1.11301,1.1139,35087
2017-03-09,1.11387,1.11387,1.10474,1.10559,56665
2017-03-10,1.10561,1.10597,1.1003,1.10092,56256
2017-03-12,1.10093,1.10572,1.09841,1.10468,55994
2017-03-13,1.10467,1.10553,1.09692,1.09709,48449
2017-03-14,1.09686,1.09719,1.09638,1.09645,2514
2017-03-15,1.09646,1.1013,1.09625,1.10097,39043
2017-03-16,1.10095,1.1025,1.09687,1.09734,39679
2017-03-17,1.09731,1.10034,1.09537,1.09733,41113
2017-03-19,1.09734,1.10382,1.09145,1.0928,46223
2017-03-20,1.09279,1.09283,1.0858,1.08796,40534
2017-03-21,1.08808,1.08832,1.08734,1.08787,1788
2017-03-22,1.08784,1.08983,1.08582,1.08718,37218
2017-03-23,1.08717,1.09037,1.08498,1.08849,46306
2017-03-24,1.08848,1.09451,1.08731,1.09077,46471
2017-03-26,1.09076,1.09407,1.08811,1.08959,47029
2017-03-27,1.08958,1.09903,1.08938,1.09837,51223
2017-03-28,1.09853,1.09895,1.09742,1.09807,4539
2017-03-29,1.09806,1.09814,1.09345,1.09694,37576
2017-03-30,1.09693,1.10677,1.09586,1.10552,44791
2017-03-31,1.10554,1.11217,1.10483,1.10928,54160
2017-04-02,1.10925,1.11246,1.10583,1.10982,51600
2017-04-03,1.10978,1.11386,1.10785,1.11378,45414
2017-04-04,1.106,1.1098,1.10598,1.10932,4509
2017-04-05,1.10931,1.11089,1.1026,1.10478,45021
2017-04-06,1.10476,1.10657,1.10037,1.1017,42973
2017-04-07,1.10169,1.12982,1.09057,1.09182,138037
2017-04-09,1.09181,1.09523,1.08634,1.08857,84364
2017-04-10,1.08855,1.09222,1.0829,1.08593,74156
2017-04-11,1.08314,1.08389,1.0818,1.08213,5115
2017-04-12,1.08212,1.08246,1.07077,1.07442,87710
2017-04-13,1.07441,1.08152,1.07127,1.0723,69749
2017-04-14,1.07229,1.07582,1.06647,1.0705,67253
2017-04-16,1.07048,1.07442,1.06185,1.06208,63938
2017-04-17,1.06209,1.06415,1.05679,1.05875,70648
2017-04-18,1.05916,1.05932,1.05852,1.05853,184
2017-04-19,1.06252,1.06478,1.05884,1.0636,46893
2017-04-20,1.06359,1.06566,1.05823,1.06317,60233
2017-04-21,1.06313,1.06423,1.05246,1.05408,61632
2017-04-23,1.0541,1.0584,1.05167,1.05587,51881
2017-04-24,1.05586,1.06259,1.05372,1.05922,62941
2017-04-25,1.06103,1.06103,1.05931,1.06075,2906
2017-04-26,1.06077,1.06843,1.05623,1.06174,66136
2017-04-27,1.06173,1.06532,1.05636,1.06459,58080
2017-04-28,1.06456,1.06651,1.05516,1.05886,73605
2017-04-30,1.05882,1.06674,1.05831,1.06608,68586
2017-05-01,1.06607,1.06884,1.0624,1.06704,58344
2017-05-02,1.06652,1.06652,1.05047,1.0566,9965
2017-05-03,1.05659,1.07952,1.05361,1.07552,79043
2017-05-04,1.07551,1.0784,1.06972,1.07169,52600
2017-05-05,1.07164,1.07669,1.07086,1.07578,42997
2017-05-07,1.07577,1.08721,1.05959,1.06194,70377
2017-05-08,1.0619,1.06283,1.05296,1.05562,52002
2017-05-09,1.05311,1.05494,1.05311,1.0545,2257
2017-05-10,1.05448,1.06504,1.05241,1.06403,55024
2017-05-11,1.06401,1.06658,1.06025,1.06264,50801
2017-05-12,1.06265,1.06687,1.0495,1.05105,62536
2017-05-14,1.05106,1.05216,1.03651,1.04155,83819
2017-05-15,1.04157,1.0473,1.03993,1.04504,59391
2017-05-16,1.044,1.0456,1.04366,1.04452,2330
2017-05-17,1.04445,1.04783,1.03911,1.04014,53510
2017-05-18,1.04015,1.04167,1.03509,1.03894,48485
2017-05-19,1.03895,1.04496,1.03811,1.04251,45510
2017-05-21,1.04246,1.04978,1.04241,1.04366,46342
2017-05-22,1.04365,1.04674,1.04252,1.04556,29747
2017-05-23,1.04527,1.04562,1.04491,1.04515,235
2017-05-24,1.04516,1.04654,1.04428,1.04527,17437
2017-05-25,1.04533,1.04621,1.04312,1.04598,25901
2017-05-26,1.04596,1.04784,1.03707,1.04131,39707
2017-05-28,1.04134,1.06538,1.04128,1.05646,53512
2017-05-29,1.05647,1.05901,1.05045,1.05173,61463
2017-05-30,1.05205,1.05226,1.04485,1.04561,34967
2017-05-31,1.0456,1.04888,1.03387,1.04159,57703
2017-06-01,1.0416,1.05,1.03886,1.04954,58360
2017-06-02,1.04957,1.0614,1.04811,1.06027,81320
2017-06-04,1.06024,1.06212,1.05234,1.05301,60979
2017-06-05,1.05289,1.05346,1.05245,1.05283,1486
2017-06-06,1.05284,1.05879,1.05095,1.05846,54426
2017-06-07,1.05845,1.06259,1.05496,1.05508,64198
2017-06-08,1.05506,1.06214,1.04523,1.05929,83755
2017-06-09,1.0593,1.06833,1.05701,1.06144,84967
2017-06-11,1.06143,1.06729,1.05948,1.06376,63410
2017-06-12,1.06159,1.06344,1.06064,1.0626,4704
2017-06-13,1.06261,1.06331,1.05779,1.06009,87048
2017-06-14,1.0601,1.07176,1.05994,1.06953,124617
2017-06-15,1.06952,1.0711,1.06229,1.06266,101809
2017-06-16,1.06265,1.06752,1.05878,1.0658,117055
2017-06-18,1.06579,1.0708,1.06237,1.07032,108934
2017-06-19,1.0701,1.07154,1.06965,1.07113,5306
2017-06-20,1.07115,1.07711,1.07048,1.07578,109991
2017-06-21,1.07577,1.07734,1.07189,1.0727,98299
2017-06-22,1.07271,1.07683,1.07099,1.07514,96363
2017-06-23,1.07512,1.07643,1.06562,1.0682,102464
2017-06-25,1.06821,1.07235,1.0657,1.06948,86774
2017-06-26,1.07204,1.07204,1.07068,1.07156,4187
2017-06-27,1.07153,1.07388,1.06188,1.07062,92082
2017-06-28,1.07063,1.08108,1.06832,1.07996,123432
2017-06-29,1.07994,1.0806,1.07297,1.07638,104777
2017-06-30,1.07639,1.08275,1.07545,1.07605,109789
2017-07-02,1.07606,1.07963,1.07102,1.07841,100567
2017-07-03,1.07881,1.07911,1.07768,1.07811,1962
2017-07-04,1.0781,1.07874,1.07042,1.07418,92845
2017-07-05,1.07417,1.07432,1.06547,1.06773,94822
2017-07-06,1.06772,1.07127,1.06392,1.069,96560
2017-07-07,1.06901,1.07081,1.06496,1.06558,89358
2017-07-09,1.06557,1.06663,1.06063,1.06367,88253
2017-07-10,1.0628,1.06358,1.0616,1.06176,2421
2017-07-11,1.06175,1.06569,1.05906,1.05975,73986
2017-07-12,1.05974,1.0632,1.05594,1.05769,82486
2017-07-13,1.05768,1.06079,1.05199,1.06017,89909
2017-07-14,1.06016,1.0678,1.05985,1.06694,88532
2017-07-16,1.06689,1.06753,1.0604,1.061,76931
2017-07-17,1.0607,1.06315,1.06055,1.06237,3944
2017-07-18,1.06236,1.06285,1.06018,1.06075,56332
2017-07-19,1.06073,1.06112,1.05243,1.05397,72856
2017-07-20,1.05398,1.05725,1.04923,1.05492,87175
2017-07-21,1.05491,1.05937,1.05362,1.05826,72178
2017-07-23,1.05827,1.06165,1.05554,1.05557,71044
2017-07-24,1.05623,1.05634,1.05506,1.05509,4467
2017-07-25,1.05513,1.0629,1.05502,1.05824,74667
2017-07-26,1.05825,1.06287,1.05653,1.05674,82281
2017-07-27,1.05673,1.0588,1.05127,1.05345,101751
2017-07-28,1.05346,1.05443,1.04934,1.05055,78811
2017-07-30,1.05056,1.06227,1.0501,1.06188,89165
2017-07-31,1.06087,1.06202,1.05991,1.06194,4347
2017-08-01,1.06193,1.06387,1.05734,1.05778,76595
2017-08-02,1.05779,1.06011,1.05569,1.0568,68420
2017-08-03,1.05682,1.05728,1.05334,1.05434,76861
2017-08-04,1.05435,1.0614,1.05236,1.05781,100923
2017-08-06,1.0578,1.06976,1.05768,1.0669,86785
2017-08-07,1.06842,1.06914,1.06772,1.06882,2806
2017-08-08,1.06883,1.0713,1.06436,1.06496,86925
2017-08-09,1.06495,1.06613,1.05987,1.06108,71536
2017-08-10,1.06107,1.07386,1.06059,1.07361,87952
2017-08-11,1.0736,1.0773,1.07044,1.07704,93201
2017-03-17,1.07705,1.07811,1.07262,1.0735,73848
2017-03-19,1.07382,1.07438,1.07356,1.07411,1641
2017-03-20,1.0741,1.0776,1.07179,1.07351,58305
2017-03-21,1.07353,1.0818,1.07341,1.08108,82610
2017-03-22,1.08106,1.08233,1.07745,1.07879,80678
2017-03-23,1.07878,1.08035,1.07667,1.07819,74118
2017-03-24,1.07817,1.08168,1.0759,1.08028,67889
2017-03-26,1.08289,1.08482,1.08262,1.08443,7006
2017-03-27,1.08442,1.09047,1.08363,1.08596,68333
2017-03-28,1.08597,1.08713,1.07975,1.08152,64974
2017-03-29,1.08153,1.08252,1.07386,1.07568,72278
2017-03-30,1.07567,1.07667,1.06707,1.06863,68167
2017-03-31,1.06862,1.07005,1.06502,1.0657,65034
2017-04-02,1.06626,1.06724,1.06588,1.06679,3719
2017-04-03,1.06677,1.06797,1.0641,1.06685,57270
2017-04-04,1.06684,1.06839,1.06343,1.06767,56971
2017-04-05,1.06768,1.06878,1.0634,1.06703,66754
2017-04-06,1.06702,1.06828,1.06276,1.06419,59996
2017-04-07,1.06418,1.06652,1.05793,1.059,71704
2017-04-09,1.05879,1.05881,1.05725,1.05795,4993
2017-04-10,1.05793,1.06053,1.05685,1.05959,52187
2017-04-11,1.05957,1.06287,1.05772,1.06087,58451
2017-04-12,1.06085,1.06738,1.05875,1.06687,61262
2017-04-13,1.06688,1.06762,1.06077,1.06137,56998
2017-04-14,1.06136,1.06285,1.06046,1.06107,31203
2017-04-16,1.06152,1.06166,1.06016,1.06083,8331
2017-04-17,1.06082,1.0669,1.06073,1.06419,36594
2017-04-18,1.06418,1.07346,1.06359,1.07262,65961
2017-04-19,1.07261,1.07356,1.06985,1.0713,54521
2017-04-20,1.07129,1.07761,1.07056,1.07127,56528
2017-04-21,1.07126,1.07366,1.06809,1.07258,53965
2017-04-23,1.09,1.09041,1.08633,1.08719,15415
2017-04-24,1.0872,1.08761,1.08194,1.08636,76097
2017-04-25,1.08637,1.09486,1.08501,1.09268,63091
2017-04-26,1.09267,1.09494,1.08543,1.0907,73714
2017-04-27,1.09068,1.09314,1.08502,1.08639,66971
2017-04-28,1.0864,1.0946,1.08556,1.08969,59144
2017-04-30,1.08951,1.09097,1.08912,1.09044,4856
2017-05-01,1.09043,1.09224,1.08828,1.09071,29486
2017-05-02,1.09073,1.09348,1.08867,1.09335,49288
2017-05-03,1.09336,1.09354,1.08801,1.08866,58293
2017-05-04,1.08865,1.09857,1.08734,1.09792,72941
2017-05-05,1.09793,1.09978,1.09484,1.09971,65689
2017-05-07,1.10153,1.10157,1.0962,1.09635,7813
2017-05-08,1.09636,1.09955,1.09148,1.09253,69372
2017-05-09,1.09252,1.09321,1.0862,1.08849,69908
2017-05-10,1.08845,1.08967,1.08518,1.08659,61756
2017-05-11,1.08656,1.08917,1.08377,1.08629,54427
2017-05-12,1.08623,1.09329,1.08543,1.09301,52980
2017-05-14,1.09313,1.09341,1.09213,1.09264,3807
2017-05-15,1.09263,1.09881,1.09212,1.09786,49880
2017-05-16,1.09785,1.10959,1.09778,1.1092,65971
2017-05-17,1.10921,1.11691,1.10802,1.11527,82356
2017-05-18,1.11526,1.11705,1.10744,1.11088,93922
2017-05-19,1.11087,1.12104,1.10981,1.12052,59574
2017-05-21,1.12016,1.12087,1.11982,1.12019,4095
2017-05-22,1.12018,1.12621,1.11601,1.12356,68772
2017-05-23,1.12354,1.12668,1.11737,1.11776,83922
2017-05-24,1.11778,1.1232,1.11671,1.12292,77542
2017-05-25,1.12293,1.1249,1.11922,1.12088,59839
2017-05-26,1.12089,1.12332,1.11592,1.11764,60636
2017-05-28,1.11708,1.11834,1.11705,1.11747,3784
2017-05-29,1.11745,1.11885,1.1126,1.11277,35414
2017-05-30,1.11278,1.1204,1.11081,1.11716,64310
2017-05-31,1.11714,1.12508,1.11631,1.12376,68515
2017-06-01,1.12375,1.12553,1.12007,1.12116,52586
2017-06-02,1.12117,1.12838,1.12036,1.12819,53169
2017-06-04,1.12726,1.12824,1.12719,1.12762,4627
2017-06-05,1.12761,1.12773,1.12329,1.12559,43554
2017-06-06,1.12558,1.12826,1.1239,1.12689,51474
2017-06-07,1.1269,1.12812,1.12027,1.12542,64889
2017-06-08,1.12543,1.12677,1.11787,1.11872,80393
2017-06-09,1.11876,1.12143,1.11649,1.11946,66652
2017-06-11,1.12061,1.12084,1.11959,1.12003,2474
2017-06-12,1.12002,1.12307,1.11905,1.11957,50006
2017-06-13,1.11958,1.12235,1.11839,1.12078,45790
2017-06-14,1.12077,1.12945,1.11917,1.12119,90176
2017-06-15,1.12121,1.12272,1.11308,1.11475,76587
2017-06-16,1.11477,1.12002,1.11371,1.11917,53590
2017-06-18,1.12056,1.12072,1.11941,1.12025,4503
2017-06-19,1.12024,1.12114,1.11396,1.11429,58868
2017-06-20,1.11428,1.11636,1.11176,1.11351,61362
2017-06-21,1.11352,1.11676,1.11259,1.1165,57540
2017-06-22,1.11651,1.11765,1.11379,1.11481,52010
2017-06-23,1.11484,1.12075,1.11438,1.11933,45479
2017-06-25,1.11917,1.11985,1.1189,1.11983,2726
2017-06-26,1.11981,1.12184,1.11702,1.11815,56591
2017-06-27,1.11814,1.1348,1.11787,1.13353,81111
2017-06-28,1.13354,1.13891,1.12903,1.1377,89434
2017-06-29,1.13768,1.14441,1.13754,1.1438,83744
2017-06-30,1.14379,1.14429,1.13908,1.14184,70367
2017-07-02,1.14168,1.14256,1.14154,1.14222,3638
2017-07-03,1.14221,1.14235,1.13537,1.13709,60484
2017-07-04,1.13708,1.13756,1.13347,1.13581,54353
2017-07-05,1.1358,1.13671,1.1311,1.1345,67172
2017-07-06,1.13449,1.14242,1.13284,1.14182,71078
2017-07-07,1.14183,1.14385,1.13783,1.13982,65806
2017-07-09,1.13969,1.14024,1.13918,1.14019,3562
2017-07-10,1.14015,1.14167,1.13802,1.13949,52093
2017-07-11,1.13947,1.14782,1.13814,1.14726,66814
2017-07-12,1.14725,1.14881,1.13902,1.14171,80425
2017-07-13,1.1417,1.14545,1.13691,1.14024,77238
2017-07-14,1.14025,1.14705,1.13901,1.14664,65792
2017-07-16,1.14683,1.14736,1.14654,1.14727,6982
2017-07-17,1.14726,1.14857,1.14333,1.1472,64387
2017-07-18,1.14721,1.15817,1.14701,1.15464,93596
2017-07-19,1.15466,1.1552,1.15086,1.15271,68310
2017-07-20,1.1527,1.16566,1.14779,1.1627,97944
2017-07-21,1.16271,1.16814,1.16177,1.16619,71559
2017-07-23,1.16645,1.16804,1.16632,1.16798,5122
2017-07-24,1.16795,1.1683,1.16243,1.16373,68942
2017-07-25,1.16371,1.17109,1.16294,1.1643,76375
2017-07-26,1.16431,1.17463,1.16111,1.17301,91573
2017-07-27,1.17302,1.17753,1.16487,1.16885,98443
2017-07-28,1.16887,1.17626,1.16698,1.175,80458
2017-07-30,1.17504,1.17605,1.17441,1.17455,8705
2017-07-31,1.17456,1.18442,1.17217,1.18194,74554
2017-08-01,1.18192,1.18376,1.17837,1.18097,73771
2017-08-02,1.18099,1.19088,1.17923,1.18501,79691
2017-08-03,1.18499,1.18917,1.18291,1.18809,68329
2017-08-04,1.1881,1.18878,1.17273,1.17704,67042
2017-08-06,1.17726,1.17917,1.17695,1.17756,5606
2017-08-07,1.17757,1.18127,1.17752,1.17982,52394
2017-08-08,1.17987,1.18225,1.17138,1.17527,63480
2017-08-09,1.17526,1.17687,1.16875,1.17615,75182
2017-08-10,1.17614,1.17834,1.17027,1.17687,72988
2017-08-11,1.17685,1.18454,1.17472,1.18218,65537
